text,place
rt morningjewshow speaking jews comedy tonight temple emanu el san francisco words high holidays,RRN
age face recognition thing reason platforms changing avatars actual faces increase affect better communication,SILK
upside moment think network news booked baltimore panels bill cosby fb,BTM
going think create experiences need broad knowledge human experience peopleoverinterfaces ux,SILK
watching thread fb possible future ux speaker crowd suggestions seem white american dudes dream broadly people,KOR
rt thepatrickwalsh kriss kross rapped try rhyme rhyme like rhymed jump jump,BSK
thelancearthur hotdogsladies realize anyone ever made dessert,KOR
wkamaubell stand want men telling sexist either people experts experience,BSK
frogtosser thank becca,BTM
deray thank,SILK
rt iamsakuma hundreds people union square march uptown via th avenue blacklivesmatter http co r x wzem j,BTM
leadership tech oths stop sound system front plaza disturbing neighborhood,BSK
infuriating oakland pd tell authority anything thing school would,RRN
best part heading toronto month hear school system councilmember dankalb ignored,BTM
oakland tech got stadium level audio going giant crowd ppl front skul ignoring neighborhood,SILK
twibnation grassroots media covering ground baltimore ferguson blacklivesmatter movement,RRN
rt camerontw fingers crossed need good news rt pkedrosky ben horowitz lyft investor says uber losing order billion,JNR
grandparents meet mine involved guy named mooch gluskin howigothere fb,SILK
rt ozchrisrock media gonna show pic baltimore citizen lining protect police http c,HSR
studiomondeo sticking mailbox switched phone weirding,BSK
joni mitchell joni mitchell joni mitchell,SILK
bowling alley japanese toilet seats surprise google today wait women bathroom,BTM
rt joshaclu question someone going rule marriage equality http co staktjvgsg,JPN
ellenpapadakis completely separate note,JNR
ellenpapadakis hey civ pro oregon bakery case,JPN
ellenpapadakis best thing world would get epc think,KOR
ellenpapadakis provided claim legit public policy exception thought state whatever wants enough,SILK
ellenpapadakis ancient recollection provided course nothing hanged always really ffand c,HSR
ellenpapadakis giving talk able listen read mentioned facts life,ATB
bookmeister studiomondeo nope thanks giving shot,ATB
finding mailbox either crashing hanging happening,KOR
jshahryar except desire design game called cocktail party worked bill gross first cd rom start,KOR
jshahryar game really enjoyed one much galaga added two buttons game forgot genre,BSK
scottjohnson keep em,SILK
joan rivers get mark twain award posthumously next year twainforjoan fb,RRN
sharkyl aw every nerd knows social cue miss used tech biz btw bandagon looks v cool,HSR
sharkyl seemed like maybe nice shook hand went ironically niagara falls ny,JPN
thxmt sharkyl heathr great set thur st time seeing talking guy actually sweet disablities handled great,ATB
sharkyl sad,BTM
lizgannes congrats,BSK
kenyatta jah justin show great made miss conversation great making inspiration,BTM
dearsarah already successful hero making strides upstart every woman every person bit go,JPN
dearsarah yup reminds streep quotes witw core challenge get men identify women protagonists,RRN
rt dearsarah heathr similarly though majority twitter bod graduate college hillary clinton initially consider,BSK
dearsarah reminds people responded idea female host tds already proven double standard limiting,BTM
burstofbeaden congrats jon,JPN
ripplecreeknw sprawlgeek disagree tech makes people behave badly responsibility lies us humans,ATB
twitter good enough history gender read way jlp heathr headline news facetious,BSK
believe hell hard find ugly feminist jewish,JPN
really twitter wrote encapsulation trend dickc ev rosenblattdavid karaswisher http co ushk wzp h,BSK
page interesting way world capital believes hack usefulness spiritual practice without spirituality,RRN
documentally maintenance change appealing,KOR
jenafriedman guessing hundreds something publicly spoken,KOR
picked another spectacular middle aged accomplishment slept night last night newsuperpower fb,JPN
elisac sprawlgeek privileging corporate liability shield politics positive connection responsibility,HSR
elisac sprawlgeek things together together erasure uniqueness,ATB
elisac sprawlgeek believe bigger broader older current tech biz core emotional issue,JNR
elisac sprawlgeek sustained value dismantling shared resources sense shared involvement ie public education,RRN
elisac sprawlgeek think lot problem big capital funds names know direction invest exits vs,JPN
sarahgranger elisac dooce makes life better business tech law medicine etc serve people reverse,JPN
sprawlgeek elisac mylifeasaghost ripplecreeknw cyberselfish book paulina borsook saw happening tech first,JPN
elisac saw women thing hollywood casting prove keep work,JPN
oy vey price elisac heathr hey selected booth babes booths act cool notproud,JNR
ripplecreeknw thanks v kind,RRN
elisac web felt clearly like people lots early women inc dooce early blogging pre blogging software v human,BTM
elisac really interesting early web times felt like liberal arts nerd table bonanza hardware mature biz ie booth babes,RRN
rt elisac heathr ah see traditional tech hardware systems internet early oughts super male dominated,KOR
elisac still part group called end humanizing capital laid waste impulses leading,ATB
elisac felt better woman coming early web valley bc women product hollywood,JNR
elisac mylifeasaghost wrote cyberselfish early saw impulse first right would rule,BSK
elisac general leftover hippiness still everything well feeling nerd table earnestness,KOR
elisac also culture sharing information ideas problem solving still felt w developers fluentconf week,JNR
elisac developers time time orientation education open people able use stuff,JNR
elisac well coming hollywood seemed entire notion platform meant people trying encourage,HSR
elisac earlier tech community felt full caring centre make healthiness goal scale,JNR
elisac choices connected substituting words choice freedom care,JNR
elisac one even insidious think going last longer upside downside shows dehumanization,RRN
elisac need giant relational reboot look like put well everyone work first inc us,HSR
elisac focussed amazing ux customers create good things critical creating fetish,BSK
elisac absolutely many businesses funded way presume obligation employees,BSK
rt elisac heathr makes concerned abt sharing collaborative economy economy unless change social appr,JNR
elisac otherwise building matrix entrap way use capital choice many see magically charge,RRN
elisac culture says shines tech support good life interested,BTM
great talks pinboard baconmeteor elisac heathr sounds like heaven lifestylebusiness,ATB
rt elisac heathr build business supports family maybe employees lifestyle enjoy proud con,BTM
rt elisac heathr agree whenever speak publicly abt entrepreneurism mention despite general disdain around term lifesty,BSK
elisac valley capital culture general seek scale else put good life community first,RRN
elisac sure also smaller scale work sustainable good life,SILK
rt elisac heathr well exactly like solo consultant lack scale exists business including one,ATB
elisac blogging mediums go away way use culture changes,SILK
elisac know seems like pretty specific thing limits individual personal blogging large audience,BSK
kottke tcarmody think made change public rock throwing happen would need treat better,BTM
rt afameducation congratulations first black female attorney general united states lorettalynch confirmation http,RRN
rt shannondowney little help folks confused brucejennerabc talking gender identity vs sexual orientation http,HSR
strong focused athletic competitive make man women gender make someone reckon,ATB
bruce jenner one example strong focused athletic women happily qualities restricted one gender,SILK
feminism ending restrictions based gender categories ending restrictions woman brucejenner,KOR
bruce jenner concept woman maybe already wrong woman,KOR
rt thetaskforce beyond bruce jenner transgender women accessed homeless shelter physically assaulted http,JPN
cannot feel known something everyone wants anything ppl come,KOR
coming time always vulnerable powerful kudos bruce jenner everyone else,HSR
case dying curiousity including one timer face yoselftweet fb http co ttjd k b j,HSR
found drive first tournament game california hockey championships fb,RRN
mt harnischfound likely survivor sexualassault drop college thn person found guilty expelled aelizabethclark,SILK
rt joan rivers joan nytimes bestseller paperback new material diaryofamaddiva joanrivers http co nk ghxnfg,JPN
single person looks good baggy wool cap barely clinging noggin fb,SILK
mattthomas apologies interrupting,JPN
mattthomas economic problems imo often extensions form dehumanization wrapped locke sandwich,JNR
mattthomas divide conquer persists unite someone else ass,KOR
mattthomas like us thriving democracy every everyone first nations people,BSK
mattthomas plenty thriving democracy cathart onto minorities ways diffuse real economic problems,SILK
mattthomas know going holocaust museum berlin made pretty clear boom maybe yrs coming,SILK
thejeffdavidson kthalps debs historic,SILK
benjammingh sf minimum wage,JPN
paid park hours mission show fb,BSK
rt sherman alexie number hours per week rick santorum spends deeply thinking gay men,ATB
peterc thanks peter,JPN
annehelen idea happened walk sandlers film v interesting find,BSK
annehelen think problem punching case even aware using someone punching bag,ATB
jenafriedman share sentiment oy headline asked getting started advice always suggest watching bad open mics,KOR
caseymalone pleasure took years dawned feeling good person part damn therapy,SILK
caseymalone toll asking minute free meetings feel whether comfortable w space,HSR
caseymalone really dejecting good place disappointed reach decrease,RRN
caseymalone casey give liking provider critical care good,JNR
yesterday crowd work javascript coders today comedy chabad codeswitch fb,KOR
weezus love,ATB
clevejones grateful work alive xo,BSK
amoskane thank fun talking thanks lez dish enough javascript conferences,ATB
rt amoskane omg met heathr fluentconf real freaking heather gold freaking heather gold glasses everything omggggg,ATB
thejeffdavidson thanks himand morning joe copying us pretty good kthalps,SILK
fluentconf thanks help josh great meet,HSR
rt fluentconf st meetup rocking start talking react w holtbt heathr community lounge fluentconf http,ATB
tummeling react meet fluentconf really fun helping people solve problems fluentconf fb http co p h spthr,RRN
hillary hey introducing zahedab us fluentconf digital gov work uk would love meet f,ATB
rt peterc heathr fluentconf retweet,ATB
pleasure finally meet kathy sierra person much talk new book looks fantastic fluentconf fb,KOR
hi everyone fluentconf looking forward meeting today say hello want talk fluentconf fb,ATB
residence fluentconf next two days making interesting conversations happen looking forward seeing kathy sierra,JNR
like reo time fly fb,JNR
look forward commercials movies attractive man romantically excited bud light dog animated cuddly bear,HSR
thanks jim cool spot show thanks jimhegarty heathr zachsherwin thanks much show great set,BSK
happy set la tonight nice words sean patton many thanks zachsherwin jimhegarty ftstweets fb,SILK
biggest disappointment latimefob writers giving standing ovation actor writers fb,BTM
lovely time burstofbeaden thanks mirand,JPN
guys got tell roz chast loved book really beautiful drawings mother dying remarkable fb,BSK
buzz sounds right maybe people la find oklahoma restaurants large marfa,KOR
rt goldsbie lakoff short respond bullshit questions statements reinforce broader premises,BTM
buzz ha anyone think travelling nyc,KOR
rt hoserlibrarian heathr spend even less time listening u,BTM
could get back appreciate wham lot fb,JPN
downtown la beautiful lived came cafeterias occasional friend visit warehouse fb,ATB
coming sf la restaurants taunt hugeness space matter jog restroom,JNR
vivalacho remoteryan marikotamaki glad one could make fortune renting rooms steak bed razor blades,RRN
guys want fall asleep second finished meal remoteryan vivalacho marikotamaki,HSR
public service announcement lose loose different words,KOR
rt morningjewshow please send good vibes mshaberach spell kthalps uncle ricky,JNR
please announce residence fluentconf helping interesting conversations connections happen props peterc fb,RRN
bagel lox airport traitor people fb,HSR
bagel lox airport traitor people fb,JPN
rt peterc sarasoueidan positive great stuff heathr expert great google tech talk slightly fan,HSR
silicon valley make recommendation clear fiorina running presidential nom based business record,BSK
rt malouie hillary clinton looking ux designer heard right message interested http co sqjactw u,HSR
la performing french toast comedy taix sunday night fb,KOR
hannahnordhaus sorry able make yesterday hope reading went well see reunion,RRN
know email spammed fucking gall asking enter get rid everyotherlist fb,ATB
latimes festival books morningjewshow fans interview possibilities let know think good jews,JPN
sarahm thanks passing dearsplenda piece much experience uncomfortable jonronson,BSK
rt ppact pm est join us twitter storm say need equalpaynow better http co z,KOR
last tweet via jeremiah wallace,JPN
kithonline love tour photo hoping means one banjo number bomb pic,HSR
debcha dealing ivy league alma mater th reunion class central really shameful,ATB
rt lauraclawson serious cuteness team hillary http co idg aqbxkh,ATB
monstro course,RRN
monstro pleasure would love audio interview important fan flames honesty,JPN
yvesbehar remember,BSK
lukedanielswpg welcome,ATB
worth checking last chunk monstro timeline start founder realness especially think raising means,KOR
special occasion americans look away find leadership alternative hillary clinton video fb,RRN
sukhjit zoning anagram requirement,RRN
bay area going kithonline also admire tour photo great david hawe,JPN
dweinberger feel like person best chance beat also husband,BSK
rt evilllamas http co dukj yilrn,HSR
hillary diversity terrific like fast furious political announcement ads,ATB
jessicachaffin working tuchus latest ronnaandbeverly w least helpful interviewee ever heard,HSR
benschwartzy sadydoyle yeah feel like linked much masculine anxiety vulnerability fear emotion,BTM
dweinberger thrill consider first woman president also know problems us facing need radical soon,BTM
dweinberger counting gop maintain unlike ability increase,JNR
rt sadydoyle boy howdy looking forward wading liberals creepy unacknowledged neuroses female power th,HSR
timoreilly pahlkadot mazel tov guys,SILK
rt changeist heathr point contained traditional duopoly future unitary parties,JPN
changeist maybe something seems unforseen happen,BTM
changeist gop base though libertarian politics amplify poverty problem think dems go,HSR
big hilary clinton question moment win looks inevitable willshescrewitup,HSR
changeist think us politics may begin look much like israel internal politics christian religious population,ATB
changeist also think tax billionaires naive candidates population think control,SILK
changeist big libertarian money though like w cruz keep funding religious theocracy think culture war also distraction,JNR
changeist guessing see tech workers w good jobs making good money able afford live sf,BSK
yup feel ironically thing ends shame openness changeist heathr nobody wants talk shame,HSR
changeist something butch say street life making tough market dorothea lange would called whiner,BTM
changeist seem like hold vulnerability economic loss seems like forbidden topic public,SILK
changeist yes economics situation keep folks investment busy anything afraid survival employment,SILK
changeist without class movement limit fascism,KOR
changeist gop citizens united billionaire candidate buy direction lead meaningful class movement,BTM
rt theferocity job women writers color teach straight white men read diverse work read wor,RRN
rt heerjeet cruz plus sugar daddy potent combination ostensible frontrunner jeb bush vulnerable host reasons,RRN
rt heerjeet long term though cruz ascendency bad dems gop push american politics even h,HSR
rt heerjeet short term cruz ascendency great news dems make gop toxic national level amp insure hillar,KOR
rt heerjeet line cruz always imagine joseph mccarthy goldwater twice iq points dangerous man,ATB
middle age spending saturday cleaning bookshelf receipts feeling like goddamned genius thebardrops fb,BTM
happy end passover everyone san francisco plagues http co x jvy,JPN
rt newyorktheater tremble whole life rehearsal moment rip livingtheatre judith malina http co,RRN
rt feldmanadam patti lupone bridgeteverett hall oates motorboat best seconds history http co vcwzkipgyt,ATB
wish fallon show would kill min every guest bit line reading next spontaneously,JNR
heard human quacking realized duck boat pulled next light fb,ATB
billmckibben worked african divestment yale though took sometime,HSR
one gives ronaldoca heathr seriousness jewish deli worth salt open passover http co pbpq iuanf,RRN
jewish deli watched guy order mayo fb,KOR
steverolston thank,JPN
melissapierce aw marikotamaki morningjewshow,BSK
interviewing sweetheart writer marikotamaki morningjewshow right questions,JPN
dated since moved phone apps good incentive make relationship work fb,RRN
rt timcarvell unsolicited advice get tickets fun home say saw every prize,JNR
barsoomcore congrats corey,BSK
simongdunham really important piece could get accurate count wonder ge country sick way,RRN
know kaporcpital therealfreada mkapor unusual commitment think trend w vcs like design design partners,BTM
keep yr name clean wb guru still amazed delasoul raised k days asking k respect lasts forever,HSR
bruces thinking quite often days every time hear tech scion mention universal income,HSR
debcha canadian,JNR
rt sandmansimonds art exist confirm understanding world,SILK
unexpected far seem seems come part present enjoying piece filmmakinglabs one day study w,BTM
began experimenting w making interactive pieces tummeling found unexpected engaging conflict cc filmmakinglabs,SILK
night good people fb,KOR
wonderful seder happy pesach easter night good people liberation seems like inevitable suffering fb,SILK
rt itswanda even democracy become irrelevant capitalism longer needs democracy function zizek,BTM
regret abt living oakland living next oakland tech high plays stadium level music outside weekly kids,HSR
children assembling white house lawn afternoon hunt afikomen happen monica lewinsky president,SILK
water shortage like hiv epidemic searing reminders connected isolation option fb,BSK
liberty justice lieseveryonetells fb,BTM
oh shit curses coming every entitled dude bay comes end orders unnecessarily complicated cocktail thelex,KOR
backs profiled tech guys cause wearing betarand shirts tucked salmon coloured pants thelex,BTM
want straight people know feels like wait work search room stand around people like fb,HSR
tayhatmaker making regret write queers queer life years write enough,JPN
tayhatmaker recorded lexington archive project,KOR
tayhatmaker possible room feel time city still dangerous,SILK
tayhatmaker first closing events probably last time many years dancing head,BSK
periscope moving tush finally get iphone change os plus regular unlocked contract recommendation fb,JNR
ashedryden thanks,SILK
earthquake small shakes north oakland fb,JNR
nrrrdcore genuine confusion desire discomfort believe building emotional skills core making better,KOR
nrrrdcore find ways make shift huge one beginning edge many tantrums,BSK
nrrrdcore truth get better earnestly connect w desire like folks couples counseling,ATB
nrrrdcore think wise one reply policy w men gender online one comment reflects savvy,SILK
nrrrdcore questions statements bullshit attempts reframe thus ignore said first place,RRN
nrrrdcore originally said powerful nerds chicks included default answering questions directly even,SILK
nrrrdcore thing without emotional awareness skills know anything moves forward guys go around,SILK
nrrrdcore yes desperate attempt someone weak emotional skills self awareness,BSK
nrrrdcore reminds chick takes aside grade tell telling people hate cuz cares,JPN
nrrrdcore statements reflect reality still tactical mistake,HSR
nrrrdcore really common always couched intellectually savvy tactical advice issue rarely intellectual,HSR
rt nrrrdcore heathr also threatening right like want enemy psssh care,SILK
nrrrdcore pretty common response eh smart weird care taking negging,BSK
jenkirkman virgotex see comedy boys outraged recent outrage dump lenadunham,HSR
ashedryden lizhenry would love speak alterconf best place email,BSK
marikotamaki thrown toy terminal toronto reg toy store kissing gay stores pull crap fb,KOR
jboxt guess lgbt dating start advertising organized anti gay work,RRN
rt jboxt heathr lds advertises playbill book mormon,HSR
eireanndolan thank oakland lesbian great boring best make game,RRN
frakintosh pretty interesting timing going clear broadcast book launch projects reem,BSK
anyone else getting scientology advertising kind amazing feel going clear help recruit http co wqqllqb rr,SILK
tiffanyshlain imagine either would want job much enjoy,HSR
coulda followed every jon stewart joke hosted tds might felt way abt lenadunham trevornoah,JPN
night good people fb,BSK
carrieffisher times day weeks make real sense bravo performance liberace,SILK
mediachick watched well done alex gibney films always leaves feeling cruise travolta maintain status quo,BSK
dubbed language machine learning cloud computing could david miscavige rallies could rubble tech conferences fb,BSK
rt jonimitchellcom joni currently intensive care la area hospital awake good spirits updates come w,ATB
susie c absolutely radio programs video shorts need price needs quite different,BTM
going clear pretty great wondering following travolta cruise bombshells drops fb,KOR
tomcoates gay big big gay also bears,JNR
big gay kind like costco bins kale incense quinoa fb,KOR
love hearing kids neighbourhood play outside though sure amazon develop button fb,HSR
amazon got cents vote slammin democracy matter weeks fb,JNR
rt rachelsklar sally asked rabiasquared abt white priv needed somebody good job hold whiteness,RRN
rt jackieosterrod please rt uber uber support losing b c account hacked locked hacker amp uber p,SILK
hchamp canadian password,HSR
documentally means new kind talk makes event moment record youtube,BSK
rt documentally great skype chat heathr thinking delivering kind double header event somewhere lt,SILK
jackson family said anything new law home state indiana fb,HSR
mattthomas wonder happened car makers horses,BSK
rt pinboard know holacracy truly works even lowliest janitor zappos threaten fire everyone reading,BTM
oh cool guy wearing security baseball hat said interviewing girls marketing jobs fuck diversity matters,KOR
grrl thanks good service came,HSR
rt elonmusk major new tesla product line car unveiled hawthorne design studio thurs pm april,JPN
anyone glen park neighbourhood able come give car jump right red car next bart fb,BTM
rt chrisrock thank president obama http co pgfjccyrta,JNR
sportjules thanks,RRN
night good people fb,JPN
musingvirtual katebornstein sorry hard sending much love,RRN
katebornstein talking workshop show tonight,BSK
many brave souls standing lena dunham surely means never see another holocaust fb,RRN
never gentile people decide tell anti semitic life fb,JPN
feeling really good creating space owning loss honestly public everything subject change coming along eistc,KOR
great everything subject change workshop tonight interactive shows surprises tonight cat bit show fb,BTM
sportjules thanks julia part seder performing today citywinerynapa thx nice words make blog post,SILK
thanks citywinerynapa fun performing seder today always fb,HSR
k costing first born sanfranciscoplagues,SILK
gay people leaving dance,RRN
water drink coffee entire generation said fuck politics going perfect coffee,BSK
sun worry water come whole foods sanfranciscoplagues,JPN
condo infestation even vineyards immune sanfranciscoplagues,JPN
salted caramel ice cream waiting line hours eat used called communism sanfranciscoplagues,BTM
gluten sanfranciscoplagues,BTM
selfie stick never need talk another stranger person sanfranciscoplagues,SILK
everybody gets iphones need nothing else sanfranciscoplagues,RRN
happy pesach people plagues san francisco small plates restaurants suck fine,JPN
sandyanne member tribe,BTM
sandyanne also totally honorary mot,RRN
sandyanne napa valley good wine audience getting happy,SILK
sandyanne thanks sandra seder show glasses wine instead,HSR
night good people fb,ATB
thinking thinning twitter feed sherman alexie,JNR
rt sherman alexie conservative parlance job creator means rich enough hire people amp pay better hides cash oversea,ATB
rt liberationnyc everything wrong nyc summed one photo eventphotosnyc friday night eastvillage evgrieve http co,BTM
dunham piece done phyllis diller husband one would care philip roth jewish girlfriend,BTM
wait see blogosphere haaretz time etc react next jewish mother jewish wife joke predicting crickets,HSR
tristanshouts thanks,RRN
thankyouellenpao early valley job colleague studiously avoided sharing contacts introductions vc,JPN
kleiner battle lost war except long run diverse honest investment field better,KOR
ekp one tough cookie thank,BSK
thejeffdavidson kidding,JNR
rt caseymalone heathr hire woman sues us think time take crush court,HSR
suzisteffen thanks suzi kind,BTM
thejeffdavidson morningjewshow chopped liver kthalps lenadunham babe,KOR
mt thejeffdavidson heathr morningjewshow many wmn intense love dogs comparison necessarily insult kthalps,RRN
thejeffdavidson heathr morningjewshow dunham amp halper talented cute funny lena meeskite katie kinda hot kthalps,HSR
one hire women whisper vcs angels firms already hiring women ellenpao fb,BSK
thing woman dealt vcs knows stuff rampant water swim case gauntlet,JPN
case felt pao lost case cross exam credibility mistakes made response,ATB
employment discrimination atty friend courtroom expected loss lots discrimination said,ATB
rt michellequinn kleiner nine number trying reach nine jurors agree retaliation claim,ATB
rt michellequinn kleiner limbo waiting halls essence pao lost,JPN
rt michellequinn kleiner loses everything gender discrimination retaliation polling jurors,KOR
rt michellequinn kleiner juror man says yes everything juror man everything needed nine people agr,JNR
coreyjf comedy,RRN
daphne noon twobodyproblem emilynussbaum idea plenty jewish also nobody says jewish like jews,BSK
coreyjf maybe literal know know best,JNR
bethany show called morningjewshow make fun jews every week,JPN
bethany ba love point please read think context,JPN
coreyjf uproar misogynistic,JNR
coreyjf saying go back new york stories whore mensa coming tell uproar yeah right,BSK
fredericg producer rock show feel bullied making statement dont think plus funny bit killed,SILK
words comedy problem angry,HSR
enraged lenadunham piece need enraged chris rock keep daughter pole bit,JNR
emilynussbaum avidlearner get use word often mitzvah points nussbaum,KOR
coreyjf response dunham arguably misogynistic unless think people used flipped woody allen work,JNR
coreyjf inside corey different ballgame unless wanna call chris rocks work racist meshugenah,JPN
think one rt jamescallanlast week tonight john oliver ever show found voice quickly hbo,KOR
cause post bibi speech election racism european events left calling jews racist lot n american jews frightened say boo,KOR
much people truly scared real anti semitism afraid say lenadunham,BTM
know easy comedy accused hating men ask often comics accused hating women,BTM
rt michellequinn kleiner reporters wait court doors open th floor sf superior court verdict expected,JNR
love see people willing identify fight anti semitism shows places joyride kvetch,RRN
emilynussbaum tcarmody watched social network pomeranian great though signaled end good ol web days,ATB
emilynussbaum tcarmody thanks wd great way watch nyc may hopefully shows,KOR
say offended super disappointed see many people put comedy high often oy lenadunham,SILK
emilynussbaum harrisj tcarmody rape stuff best stuff imo love,HSR
losing mind maybe lenadunham nailed something jewish men,BSK
emilynussbaum tcarmody dunham gotten grief one shouts murmurs piece rock given career gender jokes,JPN
walrusmaster love tweeted proud canadian,BTM
much people going lenadunham piece comfortable target bravery edgy freedom fighters,SILK
see bagel least bar jewish mum know bits,RRN
much crazy resentment thrown lenadunham jewish fair morningjewshow v low bar,ATB
angry think lenadunham new yorker piece funny go read last,SILK
guys never even seen girls care get piece think blazing saddles think humour,BTM
apstamm morningjewshow ready replace abe foxman yesterday rachelsklar,HSR
apstamm oh sure women supposed joked men people oy vey iz mir rachelsklar,SILK
rushkoff serious criticism lena dunham recent shouts murmurs piece,KOR
rushkoff laws campaigning theocratic internal israel style politics us worth way focus jews,JPN
rushkoff remember sign though remember barney beanery signs gays aids old thing governors passing,KOR
might uncomfortable make joke anti semitic piece saying uncomfortable jewish stuff loud good,KOR
jews killed supermarket france recently would even make avatar je suis juif ballsy dunham,ATB
offering set straight jewish male comic jewish woman prove miracles happen,RRN
hard stuff facing left anti semitic criticizing israel without worry shonda goyim,BTM
mobilize real problems remember safe find freedom inside keep sense humour,HSR
jews freaked anti semitism indiana passed law put signs stores saying gays please take note fr fellow queers,BTM
seriously watched folks left go constantly weirder times target unafraid,RRN
never seen piece jewish male comic called anti semitic,HSR
jewish humorist best thing jewish jokes seriously strength people lose,HSR
safe go lenadunham like whatever reason think makes anti semitic,JNR
co host morningjewshow get anti semitic crap sent us daily online see left plenty,ATB
serious rise anti semitic public acts europe lenadunham comedy brave enough throw,SILK
fellow jews others freaked lenadunham latest piece newyorker got way bigger problems,JNR
rachelsklar also talk morningjewshow ep people lose minds lenadunham would love take future show,RRN
cab driver via flywheel yesterday already worked left lyft uber said pay treat drivers well,JNR
rt shakestweetz one every six hoosiers depends food stamps pantries get enough eat means boycottindiana,RRN
pretty sure indiana governor hoping backlash outbutch walker gop primaries til needs help gay surgeon,JPN
want jewish organizations community watch lgbt ones deal stuff another way,SILK
lena dunham good jews tomorrow morningjewshoww kthalps fb,KOR
rt morningjewshow american nazi party rally filled madison square garden learning rememberthispod,JNR
gregelin ages coffee,SILK
benioff many thanks showing leadership indiana may states follow stay,JNR
look forward seeing prominent venture capitalists come commitment diversifying firms ppl invest,SILK
striving pretending absolutely self sufficient idolatry also plain daft passover class http co jim oju k,BTM
bay area fave community credit union bank w best online banking patelco mechnics,ATB
simple see point talking bottom level customer service one authority give certain info,KOR
simple already got conflicting advice f u messages saying cd acct closed access exec,BSK
lizgannes may content writing bit already entertained heathersomervil,JNR
lizgannes imagine would smart trial shown always smart heathersomervil,SILK
come see comedians singers vintners imagine passover seder sunday citywinerynapa fb,KOR
lizgannes heathersomervil know anyone got tom nazi left coming get us riches perkins record ellenpao trial,RRN
break leg tonight vancouver dnto sookyinlee hope join future show,KOR
rt teamdnto dntoinyvr officially sell sneak peek stage set see tonight rain city http co lco,JNR
anyone ask tom victims nazi left perkins founding partner kpcb comment ellenpao trial fb,RRN
recently introduced secure messaging app threemaapp really like user data tracking faster apple mms messenger,JPN
simple way feel confident account secure,JPN
simple already done gotten conflicting responses phone email,JNR
need take risks disrupt say people scoff ellenpao suit vc investments fb,ATB
pao wins nothing gets better women say people whose plan things getting better wait years genius daughter,JNR
susie c took lawsuit women journalists get news floor nytimes,HSR
angie seattle look great oakland,ATB
vcs gonna threaten hire like evangelical christians gonna threaten invisible hell believe,JPN
exactly googling great advice rt angie seattle heathr recommend checking credit union customers members,SILK
one hire women whisper vcs angels firms already hiring women ellenpao fb,HSR
simple tough feel secure bank start messaging closing account bc w,JNR
simple customer service reps saying,SILK
lifehacker nerdwallet love recommend best online banking simple tells self employed ppl accts shut,HSR
sandyanne sure simple,BSK
anyone really like line banking somewhere besides simple want recommend self employed folks unwelcome simple fb,RRN
usual start acquired longer bank simple tells self employed close account want fb,JPN
guy approaches girlfriend kissing goodbye get ready cringe guy talks jack purcells guy new pal,HSR
trying access wordpress admin old site show input site wp admin assurance database update,ATB
except every maker eats mt iammollywalsh agriculture uses water generates california revenue gmicncc,BSK
napa yesterday still grapes fields condos yet fb,SILK
ginatrapani would like slack channel post podcast convo,BSK
ablaze xfinitywifi would love hide everywhere,HSR
rt firstpersonpbs count number gay women know notoriety get press one hand nicolettemas,JPN
rt libroantiguo mystery writer agatha christie surf board fred one first british people learn surf http,RRN
rt sandyanne men go shows thingspeoplesaytoartists,JPN
night good people fb,RRN
working shift magazine years ago believe cdn publisher keep name msnbc pomeranian,JPN
feliciahorowitz piece one hopeful things ever read connected sv love family,KOR
tedr mine always wanted,JNR
rt weird hist egyptian pyramids older romans romans us http co nwiu frnpp,RRN
night good people fb,ATB
caseymalone disrupting humiliation rebranded like arianna truthfully v moved lewinsky recent statements,BTM
caseymalone foreign subtitles white shot rap ha ha ha ha,BTM
caseymalone oh people raps,BTM
ellenpapadakis buttery buttah rt msleamichele tonight dgaawards barbrastreisand http co netml jy,JPN
last played hockey thing stick fb,RRN
maegancarberry kthalps mj jew eoke tour maybe one nyc day may,RRN
extra ticket awesome play berkeley tonight anne carson antigonick shotgunplayers wants,BSK
bhorowitz web anildash think leading example diversifying vc firms make huge start know leadership,KOR
anyone else self employed simple account getting guff company using bank fb,JNR
rt advicetowriters write need write currently popular think sell p james amwriting http,BSK
night good people dreaming sleep fb,BTM
recreate childhood never julian fellows speaking pl travers works cosby seems,SILK
often find people successful creating childhood icon much love children want,BTM
ninavizz meant inspiring emboldening legions women common experiences,JNR
dearsarah followed line want try go closing arguments though,ATB
dearsarah practicing law,BTM
dearsarah course woman worked circumstances knows implicit sexism well definitely bit jolt,JPN
dearsarah friend said thought crumbled cross seem prepared jury questions seemed bit telling,BSK
dearsarah kind basis v unusual big risk taking call often risk takers,KOR
dearsarah already astonishing ellen pao think number entrepreneurs must wanted sue vcs,JPN
dearsarah hey practicing attorney really surprise find something making cases harder bring ca,ATB
dearsarah passing practicing ca employment law pal says plaintiff turned settlement offer may lead costs,JPN
rt advicetowriters people understand everything get stories bertolt brecht fiction writing http co yeknckpepx,ATB
twue mt grammar confident heathr miswrote update could posted one instead,BSK
ninavizz anita hill moment likely losing case attorney opinion pao,RRN
dearsarah also said possible loses owe kleiner costs think may play well kp media,SILK
dearsarah still getting bit anita hill moment valley vc knows ripple may watch closing,ATB
dearsarah talked friend employment lawyer v feminist one whose courtroom says nope pao,JPN
joshgondelman remaking remake never lead good,SILK
debs kevinmarks tummelvision reporting distribution means budgets change writing expectations imo,HSR
threemaapp apple app store downloading threema right,BTM
debs kevinmarks tummelvision hard quantify times business still see necessary good,KOR
mt melissafpayne breaking body african american man found hanging tree claiborne county fbi mbi scene,RRN
margaretatwood brilliantly reframes worse diff women men question putting pocket fb http co j jmc cia,KOR
night good people fb,BTM
fanny pack complete evenings tryptych however spell fb,ATB
sightings tonight baby doll dress booties cut offs tights expecting rubber bracelets arm soon fb,BTM
sarah gregersen documentally awesome christian give email let make plans,BTM
paulmccabester documentally yo looks like good day,BTM
enterpriseux steveportigal ixdconf spent lot time tummelvision advocating soft skills hard skills,BSK
amazon drone like bump umairh really baffled starbucks hoping achieve racetogether buzz trust respect,ATB
recent starbucks race convo project seems adapted silicon valley start take community,JPN
rt sophiaphotos dr zucker reviewed mistreating trans youth huge deal toronto defines trans dsm v,BSK
chrisgeidner call uber k,BSK
night good people fb,BTM
britwhartonsf pmarca bhorowitz leaptransit faq addition drivers employees w benefits,BSK
rt zoomarang bibi declaring victory bs still form govt centrists hold cards let lap dancing begin,BSK
reading interview w marsha norman thinking film wild massively underrated internal events dismissed men,ATB
digiphile yet,BSK
rt badbanana two years away even pilots wearing sweatpants flights,HSR
rt heif chart motherjones via anildash http co bnp b ny k,BSK
owenthomas joke old neighbourhoods web changing like city builders live lex suck etc,HSR
brainwane excellent,ATB
night good people fb,BTM
makes ask suddenly become ambivalent swarthy rt mpesce chuck norris jewish,JNR
f x made day thanks,SILK
rt benkepes since gigaom staff let go wondering us gigao contractors contact,BSK
day make life better marikotamaki,SILK
spotted temescal ironic sock garters ankle high hiking boots shorts notahipster fb,ATB
mbrhmr bunch billionaires yachts pointing laughing happens even wonder,ATB
monteiro fellow funnywomen worth knowing cynthia levin betsy salkind aundr wonderwoman jamiedenbo jessicachaffin carolyn taylor,ATB
rt monteiro let us praise funny women funnywomen,HSR
yes monteiro wish god real could punch neck taking gilda radner away us soon funnywomen,KOR
rt f x monteiro joan rivers ellen degeneres wanda sykes aisha tyler maya rudolph heather gold megan mccarthy bea arthur funnyw,SILK
fran lebowitz says money grubbing used phrase think would take americans criticize wealth life,RRN
jill lepore piece tweeted makes great points reticense name villains similar umairh earlier critique idea biz,BTM
night pals sxsw night good people fb,SILK
brainwane cataloguing master tapes listening good memories thanks help,BSK
gpetriglieri meganhustad umairh presume everything outside invited dominance list approach show well,BSK
gpetriglieri meganhustad umairh everyone way objects relationality necessary get institutions build,RRN
gpetriglieri meganhustad umairh reflects love essay would add hyperrationality connected making everything,JNR
gpetriglieri meganhustad umairh dictates lot delivered say bigger thing ted merely,BTM
gpetriglieri meganhustad umairh agree coached couple ted talks including nilofers even framing,ATB
rt barrypierce never seen proletariat bourgeoisie clearly illustrated one instagram post http co dl yagwtqe,BSK
rt dialmformovies rip jeff hale aged created sesame street iconic pinball segment typewriter character http co hy hetin,ATB
rt justkelly ok holy shit look email got recruiter using real full name emailcc girlziplocked list htt,JNR
benschwartzy relying men strong women must rescued pretty cliche boring point like airplane food joke,RRN
benschwartzy great see bond vulnerability though skyfall big progress dramatically interesting,JNR
benschwartzy yes though women exist bit people kingsmen also lots failing women,JPN
kingsmen v fun extraordinary someways know sexist bond film violent contemporary video game fb,ATB
jenafriedman lost miss marmelstein onbroadway barbra covered recent morningjewshow shd,ATB
straight people call foreplay,SILK
rt globalbarnard women live capitalism live feudalism therobinmorgan barnardwcw,ATB
favourite person twitter days podcast see tiny sense accomplishment sherman alexie ff,JNR
emilynussbaum first scariest memory movies fruma sarah scene,BSK
nje concludes sandberg us politics global econ meandering minute thanks listening,HSR
nje think culture due another break heading beatnik times,ATB
nje people wanna family see times make living indebted half life global economy making tough,JPN
nje expect hilary clinton anything radically different either much times demand hope wrong,BTM
nje true joy silicon valley gall imagine things entirely different great base,BTM
nje early second wave feminism envisioned really different workplace across board decent ideas,ATB
nje predict see media savvy political contenders arise make sarah palin look cultured temperate,BSK
nje see get past parties ignoring worse worse via kardashian style media moves,BSK
nje sandberg really implemented one big solution one big issue company think turned heads,HSR
nje political leader showing gumption warren rand neither looks likely come middle enough win,KOR
nje mean walmart raised minimum wage bet see kind thing whole system melts apart,JPN
nje massive income inequality driving politics corrupt corptocracy real trouble addressing trying slowly,ATB
nje ellenpaovkpcb trial every facebook thread make clear problem deep dudes get soaking,HSR
nje people want think blow back would like,JPN
nje basic point negotiating completely agree book campaign targeted business negotiating tips,BSK
nje fair problems time corruption problems corporate america role big going tough lead,BTM
nje imagine profoundly focused person insanely capable met yet challenged communication front,JPN
nje every time press release look careful choice partners seems pretty telling zero grass roots,BTM
ninavizz sure mine therapy next guy,JPN
nje ye olde gop times say kind libertarian shot party new gop primary would eat alive,JPN
nje nje runs sure looks like though wants run republican would interesting,HSR
nje think sandberg really underestimated harm approach runs office,JPN
nje condescension often present someone either completely unaware someone else implied situation give,BSK
rt nje heathr super condescending time,JPN
feminist pushback leanin bc like netanyahu saying us congress access speaking jews,BSK
really challenging threatening underlying issue among male structure funders execs tech world,SILK
leanin calculated effort bolster female creed shore political alliances grassroots heavily quotes,BTM
current corp culture healthy healthy women men certainly helping democracy leanin,BTM
help women corporate america say zay gezunt always take good leanin,JNR
press campaign speaking women work sandberg work think politically fly,ATB
sandberg pr campaign book offensive hypocrisy underlying buy business usual,JPN
people find sandberg advice offensive think speaking,RRN
anybody remember spreadsheet awhile back dudes agreed speak panels half female anildash,SILK
award shows stay desperate attract young male viewers give game fb,RRN
sxsw tbt twit women inc ginatrapani debs drkiki hello many friends old stomping grounds sxsw fb http co znszchq,ATB
samsmullins nice themoth,SILK
want apple watch want breakfast robot fb,KOR
rt sarahm fraternity men make scotus justices since presidential cabinet since senators fortun,BTM
rt ialexabramovich yrs ago almost nobody would speak city today funding approved st lgbtq transitiona,JNR
dear god woman hero tragedy us needs ban firearms like australia insane insane,JNR
fredericg agreed whole thing fercukt dems different kind problem lessig,BTM
international politics run like kardashians career way go like gop thought starting w reagan could control,SILK
cnrsocial socialsensing felt something wondering earthquake,ATB
rt jaketapper breaking u oklahoma president david boren expells students id ed leading singing racist song sae f,BTM
earthquake oakland temescal,JNR
come back harper really hate losing people admire internet sad sarahjeong deleted twitter account,RRN
ericajoy dearsarah kaporcenter comes mind,ATB
rt ericajoy valley tech companies founder c level leaders actively speak support women technology exclude,JPN
fave feminist documentaries fb,SILK
rt danprimack kind amazing gigaom site whose founder partner main vc backer shutting due lack new f,BTM
schlomo vcs taking designer ux guy yes guys next journos capital sees need expression sell,RRN
rt schlomo feels newteevee gigaom general great things sad see go predict journos join vc,JPN
phpress markmilian woman model says something,BSK
phpress markmilian yeah really point markmilian making white chick years mostly white dudes,SILK
room organized feminist convo post miss representation screening women guys guys definitely taking least airtime,JPN
rt markmilian christy turlington first woman stage apple event years last jen herman appeared w pincus,JNR
fraying tried kvetch shout tweetbot scrambled,BSK
oh like pink vomiting walk girls aisles fb,JPN
finally seeing miss representation must say surprised high school level filmmaking womenshistorymonth,KOR
rt radar info many amazing things happening soon come meet danielhandler marikotamaki april booksmith http co jnazwnk,SILK
fili krushel proposed installing troika female producers oversee show like lilith fair lauer complained,JNR
cy choi yeah part room apple ipod,ATB
pang look forward new one name film,KOR
cy choi imagine easy fence,RRN
around internationalwomansday wishing dudes see assualting behaviour terry richardson getting shots clouding work,KOR
pang still show havent seen new ep since wison,KOR
night good people fb,ATB
rt desusnice moving hour forward daylight savings time like skipping ahead life mp http co qbecyzjgzg,RRN
big carol kane fan seek hester street lead role always deserved fb,BTM
somehow missed carol kane role rt katesherrill heathr recurring role gotham plays penguin mother,BSK
carol kane cast unbreakable kimmy schmidt tv regular since taxi,RRN
twitter suspended accounts harassers gehreg daughter gabby quickly spacekatgal femfreq deserve,SILK
peterme required,SILK
elissabeth aw thanks,RRN
elissabeth game,JPN
adamslisa,RRN
sincere condolences adamslisa family friends xeni everyone grieving loss honest human voice,HSR
jillsobule susanorlean ooh child every time cry every damn time,JPN
rt mjb sf davidstreitfeld curious ellenpao room somehow difficult get along,JPN
phpress yes interesting messages addressed deceased,JNR
find interesting people event atheists worldwide write messages deceased twitter like giant wailing wall fb,JNR
heading wise sons around pud sf mission peeps fb,ATB
stevie wonder synthesizer doc tweeted via austinkleon,HSR
stewart mathowie guys working together oil painting giving odd feeling internet hope,SILK
night good people fb,ATB
uber scum lost cabbie lost drivers providing material way stand fb,RRN
hear god made adam eve ruth naomi matching guatemalan vests fb,BTM
rt ebekiel sad true one vc tells kpcb loses gender discrimination case less likely hire female partner ch,RRN
rt freebsdgirl today happy announce online abuse prevention initiative created thequinnspiracy alexlifschitz amp sh,ATB
interviewed w vc first got valley women site heidi roizen ann winblad much change ellenpao,SILK
rt twilsontv vassallo told investigator nazre going way demonize ellenpao,JPN
rt twilsontv investigator walking instances ellenpao told incl male dinners porn star discussions sex banter,SILK
rt michellequinn pao ceo chegg kleiner folks talking marissa mayer hot maybe,JNR
business needs art tells stories needs fb,RRN
dirtbagg equality chance equally bad sit com,SILK
rt lizgannes told quite likely ellen pao testify afternoon starting,JNR
also lgbt folks oppose state sanctioned discrimination let cocacola homedepot delta ga know step,SILK
atlanta one queerest cities country bills allowing lgbt discrimination must scary everyone,BTM
feels like something right world name carolyn time asked fave comics burnett brilliant,BSK
canada lucky cbc picked baroness von sketch show one brilliant comics seen carolyn taylor fb,BTM
sheckygreen album enchanted cover display purposes,JNR
best way know someone speak group people quickness tell,JNR
tanehisicoates long way go huge percentage homeless suicidal teens queer housing employment street safety,BTM
tanehisicoates yep lgbt movement completely intertwined w movements took suffrage civil rights wave feminism,KOR
last prince related tweet via jessewashington also heads anildash seen bb pic,BSK
rt lsblakk think tech take homelessness housing crisis new office buildings sf homelessnes,BTM
ruthannharnisch thrilling see footage many admire name thanks funding,BSK
saw beautiful angry tonight love women worked could much inc harnischfound ruthannharnisch,JNR
used flywheel nice safe feeling regulated cab,BSK
everyone make decade without glasses day water bottle,JNR
leigh justin look tweet,HSR
incredibly grateful college education chance play hockey come us level debt today insane,JNR
interesting thing tavitulle said ronnaandbeverly plan going college seems smart,BSK
hmmm searching someone name twitter used show mentioned takes user profiles,RRN
get pope tapping toe sf opera house sites albino mind fb,ATB
ddukes like finished lacrosse practice young,SILK
finally watched sweet smell sucess great movie closer silicon valley social network imo,SILK
documentally,HSR
rt peterbeinart donnabrazile paulbegala aipac aipac defends israel right hold millions w basic rights west bank right,BTM
rt sonykapoor hey bibi speak american jews amp americans want war iran full page ad nyt http,SILK
rt artemis ff thing women yet learn nobody gives power take roseanne barr therealroseanne http,ATB
ubiquity thanks bit like lightness,HSR
ubiquity question remains bmw vintage,BTM
ubiquity let know see one lots streets bay area,JPN
ubiquity ha kept thick thin years east coast storing keep eyes another,KOR
ubiquity someone likes honda four,JPN
ubiquity thanks sharing latest morningjewshow wark acker vintage bmw recommend,BSK
mulegirl headspace best emotionally savvy designed apps services found meditation,BSK
stealthissingul thanks ru discussion,BTM
ibogost yep really good fun,BSK
ibogost laurakipnis prefer culture works emotional skills mental health early law suits,KOR
ibogost laurakipnis lover pith hunk piece finds refuge complicated reality emotional landscape,BSK
ibogost laurakipnis school sued even get grievance board yes lots olds freeze afraid uncertain,JNR
ibogost laurakipnis reviewer lots cases decades ago yale sexual harassment grievance board always probs,HSR
ibogost laurakipnis surprised campuses went dating approach bc liab ages ineffectively dealing w problem,KOR
ibogost laurakipnis kipnis thinks students today like answer problem,HSR
second umairh recommendation please read matthewstoller twitter essay recent stream small biz destruction greece,ATB
rt umairh strongly rec read matthewstoller weekend tweet storms agree one serious thinkers politi,ATB
rt matthewstoller basic shape requests words get rid corruption wipe civic secto,SILK
rt melissapierce think white men board unconscious bias think lazy stupid karaswisher,BTM
ani difranco judy garland lesbians era lesbians met next morningjewshow ep fb,BSK
know like try network business w vc founder met inappropriate sexual crap watching ellen pao case,JNR
brainpickings never forget wonderful hands sounds like affair flirtation,SILK
losertakesall llama wearing gold dress llama showy,KOR
pretty sure us could go war show upper right news headlines facebook unless kardashian involved,JNR
r bl rd llamawatch,BTM
r bl rd arrange llamas winamp,SILK
response get netneutrality question rt paulschreiber heathr four million comments,RRN
fcc ruled net utility phew surprised relieved someone explain corruption get,KOR
mattthomas please,JPN
thinking jimmy fallon goes home tapings puts joni mitchell blue nin takes sylvia plath,ATB
dearsarah moral gtd,RRN
chrisgeidner bring bowers anymore cc ellenpapadakis,KOR
winning joy discrete purity cannot replaced anything else bart giamatti fb,ATB
rt yokymatsuoka time nest incredible amazing team excited join flock twitter vp technology,SILK
elonjames love see gay men get involved feminist organizing problem asking asked straight folks marriage,SILK
elonjames got impression impulse course say meant said critiqued,ATB
elonjames speaker gets men love women romantically say whole sentence coherent probs,BTM
elonjames seems someone starts women men love women gay people impulse say gay people bc,BTM
elonjames yeah talking read start dismissing critiques trying follow,ATB
elonjames lgbt rights subset feminist movement civil rights fighting discrimination based restricting gender swimmamum,SILK
elonjames begining sentence women men love women gay people,BSK
elonjames read mention gay people way inclusive saying women men love women swimmamum,KOR
noakushner lululemon story disturbing bikrams guess anything people look salvation attracts opportunists,RRN
dougmcgray calsunday pretty come packaged breakfast nook indirect ray sunshine,HSR
mallelis always tell sports bar dudes fuck someone talk feelings get back,HSR
rt om mobile accounts youtube watch time overall views jpmorgan mobile stats goog http co lz,BTM
rt iyanlavanzant love simple make hard trappings expectations demands,BSK
michellequinn ooh get spare day tempted join live tweeting pao v kpcb would blast,RRN
fast click short attention web ie facebook buzzfeed driven capital investor demand much tech,RRN
quince find answer hamentaschsen question,JPN
rt jenashtep http co ctuezz u p,BSK
rt ibogost heathr anildash two unicode char wide aggregates made original race modifier,BTM
anildash maybe change iphone contacts icon still desktop dude phone ios gender,KOR
anildash bad news look like female equivalents hope wrong emoji osx,HSR
tomcoates thanks convo,JNR
tomcoates relying inequality many kinds esp immigrant labour unpaid work,RRN
tomcoates subversive challenging harder time finding public footing bc systemically whole thing,HSR
tomcoates like wag fingers middle east without looking mirror think economic issues way,ATB
tomcoates races sexualities need focus wage equality need badly true disgrace us,JPN
tomcoates listening entire comments context movie poor women single mums elderly women,HSR
tomcoates numbers insane people mostly privilege sense looking pattyarquette tweets,JNR
tomcoates women rights gotten separated degree think debate pretty alive tech hollywood stuff,JNR
tomcoates recent popular focus political success makes sense course separate everything perfectly,JNR
tomcoates huh hear solved say easily read though seems accurate,BTM
tomcoates tomcoates genders got lot,JPN
tomcoates lesbian bi womens issues routinely given short shirft various reasons including face way fewer us,HSR
tomcoates historically difficulty organizing way round beginning never ending acronym happened bc,RRN
tomcoates disagree,RRN
tomcoates going generous im open critiques,SILK
tomcoates larger point wage equality continued wd gay movement wo feminism think separated,BTM
tomcoates end day kind moment give chance public learning also hope,ATB
tomcoates phrase began women american includes women colours lesbians trans women anyone ids woman,ATB
tomcoates yeah problem agree w critique sure,ATB
tomcoates queer struggles gender struggles,JPN
tomcoates queer beef w statement oddly sounds like kind alternative kobe beef,BSK
larger call equal rights amedment wageequality women hope picked worked,JPN
addressing race wage inequality feed mean critiqued means sure,JNR
neither intent said women america men love women gay people pattyarquette,JPN
yeah critique made stuff get lgbt beef far see patriciaarquette,HSR
twitter short write full watch speech arquette intent looks inclusive gay men inclusive,KOR
rt billdixonish really bad place musical culture super surprised pop stars sing songs,RRN
yayfiona thx tip,SILK
thought average movie job breakdown days rt nelson waxpancake boy smurfs girl smurf reality grim,JPN
katelosse thing post willing print op ed woman responding wadhwa,RRN
rt desusnice african american sniper would great sequel solve ton problems next years oscars,BSK
rt brendohare saw neil patrick harris suitcase bit oscars knew wanted comedy biggest comed,BTM
era night good people fb,BTM
skeskali jbrotherlove webinista look statement presume give shit abt anyone look like,HSR
skeskali jbrotherlove webinista one cd look call intersectionality men kinds work equal pay wmn,ATB
skeskali jbrotherlove webinista woman colours need deserve gender equality worked many movements,RRN
skeskali jbrotherlove webinista know sister trans right think language sloppy generous reading wd,HSR
unexpectedly political oscars still managed amazing amount obvious closeting domestic abuse presenters fb kthalps,ATB
travolta wig gonna get beards fb,RRN
rt lauren galik think said criminal justice system oscars obama state union address,SILK
rt julieklausner travolta wearing chain bottom using connect scrotum weight belt,JNR
rt followernodad want maria bamford host oscars,JNR
rt walterkirn hollywood proved tonight racist attempting prove far many times theoscars,JPN
rt hemjhaveri people losing shit patricia arquette saying women deserve equal rights like low rig,JPN
harold ramis thanks ashley glad wrong nothisisashley heathr last year,ATB
rt kathygriffin john travolta stop hugging people someone going get caught necklace,KOR
rt kimmasters barclaysaul kimmasters harold ramis either,SILK
rt phoenix atl wow wtf u going acknowledge joan rivers academyawards shadeattheoscars http co lz kdd c,BTM
rt poniewozik would love hear joan rivers routine getting left memoriam reel,BTM
rt dearsarah actuallynph st oscars host consistently amp comedically sexually objectify men amp rather focusing,RRN
rt timfederle taylor negronactor http co r eslpckq,JPN
caissie directed rabbittest totally wrong,BSK
rt puddinstrip taylor negron cut memoriam make room neil patrick harris underwear bit oscars,KOR
rt realleadelaria elaine stritch montage wtf,JNR
rt mashable pattyarquette another award speech http co bqgjczkgx,JPN
rt melsil women film business know work insanely sexist industry takes serious guts call,RRN
rt ryanghinds heathr look talking serial mom muppet take manhattan wtf,BTM
rt motokorich pattyarquette called clean water around world,KOR
rt mmflint god bless patricia arquette great actor brilliant citizen admiration millions much love,BSK
rt biancaconsunji fuck yeah patricia arquette,BSK
rt officialjld yup pattyarquette,ATB
rt cd clifford gotta trend pattyarquette instead patriciaarquette give love straight,JPN
rt pattonoswalt patricia caused streep jlo voltron doomed oscars,JPN
rt markennis carried http co tmnbc lsg,BSK
mulegirl gif goes right default screens,BSK
rt mulegirl ok patricia arquette brought globes level madness meryl streep right gif use slac,BTM
rt annehelen quite articulate much patricia arquette speech meant effectively amp concisely use platform,RRN
rt rgay love meryl jumped ride die,JPN
rt jsmooth love patricia love speech wonder anonymous oscar voter thought patricia speech also stirring,KOR
rt smrtgrls screaming screen pattyarquette speech incredible could imagined wageequality,BTM
alicetiara tomcoates victoriaastacey disagree w guys one great character unfinished script weakest lasseter backed film,SILK
tiffanyshlain meshugenah equal pay enough ppact pattyarquette oscars,SILK
rt tiffanyshlain cried speech ppact pattyarquette time wage equality equal rights women america,HSR
rt emmaladyrose patricia arquette swooped oscars like sexism fighting vigilante,RRN
rt thesamhita know better patricia demanding equal wages women meryl reaction oscars,ATB
f x thank,RRN
rt bookbrats gifed http co sfamqkwgbw,BSK
big hero crappy unfinished movie deserve sure marketed best oscars fb,RRN
rt rgay accept oscar equal rights women equal pay comfortable bras,BSK
rebeccaodes fuck yeah hair week messy ponytails,ATB
rt rebeccaodes yes yes yes patricia arquette messy ponytail reading glasses call revolution oscars,ATB
rt coreythrace making use time benefit rest us thank patricia arquette oscars,BTM
rt kathlanpher could love patriciaarquette want gif meryl streeps fist pump oscars,SILK
rt annehelen fucking patricia love,RRN
rt janegrl inc wage equality love patricia arquette oscars,ATB
rt elissaschappell yayayayayayayayayayayayayayayayayayayayayayayayayayayayayyayayayayayayayayayyayayayayayayayayayayayyayayayayay patrici,JNR
sandymaxey know know,RRN
rt capehartj patricia arquette accepted party nomination president oscars,SILK
rt rachelsklar time wage equality amp equal rights women united states america patricia,SILK
rt ladypjustice time wage equality equal rights women united states america patriciaarquette oscars,BTM
sharing feminist feed blowing pattyarquette love time equality,RRN
rt annehelen ethan crying love,HSR
rt lizzwinstead patricia arquette drop mic oscars,BSK
rt sandrabernhard go patriciaargquette let revolution begin fantastic feminist rant brilliant,BSK
rt estherbreger need gif meryl streep jennifer lopez cheering wage equality,BTM
rt neginfarsad patricia arquette presidential nominee oscars,JPN
rt dorothysnarker ok fine watch csi cyber feminist realness served lezwatchoscars oscars,JNR
rt melissagira loving everything patricia right earlier talking eating bark,ATB
rt karenkilgariff fuck yes patricia arquette get feet white shits,ATB
wild deserved nominated best film saw year laura dern breathtaking,RRN
sandymaxey wait real joke hit reality,ATB
music promises kelly mcgillis take breath away ask lesbian lover making jams jellies ptown,JPN
rt mattthomas bradley cooper thing people treat actual veteran,JNR
emilynussbaum clue shout amazing putting gay writing team,ATB
hey hired chorus oscars fb,HSR
sf e bay pals want witty lesbian oscar watching company,BSK
rt ianbremmer muslims link hands ring peace around jewish synagogue oslo best news europe year http co cns,KOR
oh hand therapy country much packaging fb,KOR
libbyformayor success supe dankalb trying deal w ongoing noise oakland tech prob anyone else suggest,BTM
sethrudetsky emilynussbaum inviting morningjewshow together separate choice dm set game,JNR
mallelis oh yeah bring jumpsuit back rouge cheekbones hard,JNR
desertfan thank lovely company,RRN
mjb sf rodbegbie would room participates includes assigning editors marytrigiani,RRN
ninavizz lot variance bunch people also see see spreads spreading changes joined reality gaslit,KOR
ninavizz gaslighting requires narrative conformity takes one enlightened witness cite alice miller help feel sane,JNR
ninavizz quite exciting thing torn pure comic anthro takes time dive tomorrow,ATB
indications winds blowing ninavizz heathr public private breaks gale wind snuff gaslighting bring,KOR
ninavizz unsure feels unfair last tweets start pondering larger context around thing,HSR
ninavizz talking way communicating conditions used changing w dhwa todo shows,BTM
ellen pao suit v kpcb may noodle much larger w dhwa moment instructive,HSR
patriarchal shmutz valley stuff relies public private split old notion authoritah cracking,ATB
small w dhwa debacle gets public private shifts feminism set ground work means many pov harder control official line,RRN
like katelosse technique spelling w dhwa want explore stuff making pieces possible systemic bit,KOR
rt marshallk know twitter exist build really good blog search engine,HSR
aminatou yeah heading interesting moment maybe condescension women deal w regular bit clearer,JNR
every woman married guy fame parenting expert,BTM
nice stand set little bit kurt amp mike packed house haight full v polite millenials thanks v much fb,SILK
shailadewan posting coates fave writer read online every sentence meal easy read amazing,KOR
narrative elegant trojan horse daring radical ideas could explode storm great city tanehisicoates,BTM
stcymsn ask bonhamcentresds scholarship bdsm kink consent cc dearsarah,BSK
dentists half nose numb make interesting morningjewshow fb,BSK
sarahbeee interested project like include presentation pitch coaching would interested participating,BSK
guy class wait martin short host ask permission take idea half wits sctv big news,JPN
best part normmacdonald brilliant tweets precise storytelling great comedy lessons jeopardy sketch,BSK
sure seems theres closeted weirdness yes cosby deserves kinds condemnation none anything w murphys comedy call,HSR
think comic decide eddie murphy one best think know better,JPN
salon etc decided comedy geniuses need tell eddie murphy comedy choices make,KOR
rt niccagematch one movie ever coughed lived,JPN
benjammingh tayhatmaker odd lifestyle choice need protect children,SILK
heterosexuals going asked account shades grey movie,HSR
jordygold cool,RRN
rt katiesimpsonctv release toronto police officers charged sexual assault gang sexual assault http co f vdbuyvv,ATB
rt worldstageto yes harbourfront centre theatre audience exploring set installation object lesson http c,HSR
lgbt employment protection news huge thanks prof sylvia law feminism approach came hope upheld,SILK
rt scottjohnson recommend reading today tweets normmacdonald nice snl behind scenes happening,RRN
normmacdonald great storytelling great rhythm thank,RRN
rt normmacdonald created half dozen perfect comedies work ethic remarkable taste never taking answe,KOR
rt normmacdonald mike myers incredible work ethic joke ever good enough must beaten must beaten,JNR
rt normmacdonald without perfect take trebek maddened outright hostility connery faraway uninterest burt,RRN
normmacdonald class,BSK
night good people fb,BSK
rt mulegirl hey working new project need help see notable example interface copy great awful send,SILK
rt ethanz incredible finding poptechworks rds women living sro hotel troy ny working tech industry,JNR
rt girlziplocked woman founder sexualized vc want talk podcast dm,SILK
everyone get burning man tix spent week working together feed homeless folk sf cc joyce,BSK
ddukes boo,HSR
rt ninavizz heathr less college wunderkind dropouts recruited mostly white male droves participate accelerator programs,BTM
rt k heathr first lulz,KOR
think silicon valley becoming less environment emotional maturity really curious hear fb,SILK
keating mazel,SILK
ayeletw tempting,BSK
rt adriarichards whoa never thought see twitter survey abuse harassment online http co wnuoxfo v,RRN
medialab mit joi sorry loss also hope school stars calling dustin smith partner partner companion,RRN
space helmet perfect sound face staring blackness sang science fiction df fb rhps,SILK
vinodsreeharsha thanks vinod,HSR
kevinlferguson read,JPN
go spacesuit fb,JPN
joyce idea know monks st anthony know whole lot wonderful,BTM
joyce imagine homelessness sf everyone home known others cared,RRN
joyce would like see tech developed w question mind helping us get closer world farther,KOR
joyce work backward listened rabbi talk last night actually bold believe,BSK
joyce expert help spec would ideal situation everyone w adequate home food health care spec,BTM
joyce thanks thought question bike ride guess way design anything b w heart imagination,JNR
joyce early st anthony monks told us homeless folks sf imagine fewer,RRN
kevinlferguson believe simpsons mentioned book neither came convo ani difranco,BTM
rt harmonbrew hotincleveland sarahkendzior uppastryplate jenna bush today show even worse swear hire eva braun,JNR
rt harmonbrew hotincleveland sarahkendzior uppastryplate pay establishment wants hear chelsea clinto,ATB
rt mikevardy rt caspertek killer free app week starbucks http co bvwinrht,BSK
trying come good pm dessert place cozy hotel restaurant bar sf birthday tomorrow ideas fb,KOR
taped enjoyable morningjewshow convo mckenziewark encounter correspondence kathy acker,JPN
apple opportunity enter market make much bigger changes existing us car makers margin,RRN
lets face american car design sad bit excepting recent tesla changes,KOR
could start scratch w digital experience hardware software integration advantage ease margin,SILK
apple seemed like bit switzerland long could get past consent decree w apple records music,BSK
apple working music existing players industry seemed conflicted making ux biz model leap,ATB
apple would design car reasons ipod itunes worked precursor bit tony fadells start,SILK
rt johnfugelsang vegan willing come house make feel guilty life choices,JPN
heerjeet younger jews even left israel,SILK
rt heerjeet like godot messiah much anticipated jewish move right something always arriving never,HSR
heerjeet dreams,SILK
kevinmarks yes n america,JNR
ryanghinds end one really funny sad snl think heart head love,KOR
trinity snl http co hanoj gnlf,RRN
rt nycityalerts temp nyc single digits bryant park via maximusupinnyc http co bmruogj ep,BSK
think got cocks world kathy acker fb,JPN
ellenpapadakis went apparently see last rt,KOR
pouring one janeane garafalo wish snl,RRN
rt sarahksilverman bill cosby unconscious coupler,KOR
lorne michaels last guy job years fb snl,KOR
julia sweeney get moment snk,HSR
rt abbey bender pic gt snl http co pcuji twml,HSR
would watch show mike myers dana carvey snl,HSR
think anyone comedy influenced show snl,HSR
showed eddie murphy snl,JNR
jane curtin far still looks like person bless snl,KOR
playing kristin wiig mum californians,HSR
interested another private conversation gender man year one choose talk talk otr,SILK
dismissing women experience public places power common seen even happening norm,RRN
morning reminded gender gap life around understand common female experience huge,JPN
seen anyone feed talking jewish dude shot standing guard bat mitzvah copenhagen care bout,HSR
ignore yup yup thebreakfastclub ripjohnhughes,SILK
selfie sticks talking stranger apparently terrifying trusting memory experience fb,BTM
mattthomas response must surprise,JPN
mattthomas whoa straight people done away pubic hair awhile,ATB
rt susie c wonder deep satire fits age polarized sincerity far right amp left agree amp notice make fewer jo,BTM
night good people hoping last thought sleep love fb,BTM
ballet documentary worth seeing give much higher marks finding vivian maier though photographs incredible fb,BSK
xeni find sharing grief also part heals,BTM
larrybobsf thanks larry bob,RRN
mulegirl thelancearthur cannot fave enough,BTM
love love love fb,JNR
stealthissingul yes interview w ken wark monday book affair correspondence love acker tidbits,BTM
young people ask filmmaker writer tell look water fran lebowitz fb,BSK
motownmamao camille never walk away part npd picture lizzwinstead,JPN
lizzwinstead cosby numbers must high given already seen could almost start wire releases,JNR
stealthissingul hi ru,HSR
lived alone entire life idea accomplishment lesbian fran lebowitz f,ATB
ninavizz replacement announced yet,SILK
entertainment biz presumed women watch identify w male protagonists reverse possible ibelieved yet fb,SILK
daily show w yo males comedy central hire woman host corp presume demo move fb,ATB
prepping interview mckenziewark mon short love writing affair w kathy acker acker fans pls send questions,JNR
tiffanyshlain use password agile works well,JPN
rt wadhwa point demand podcast taken engage legal action asked reinstated co,HSR
berkun bingo almost everything industry changing world less would like afford admit,KOR
lenovo care hiring ambassador sexism tech unless goal marketing milashtonfan,BSK
milashtonfan certainly presumes supposed audience many tech co lenovo,RRN
dearsarah truth defense wadhwa,JPN
nothing pushed block people much podcast jewish stuff ask death violence wishes fb,BSK
idea would spokesperson jews seems incredibly goyishe prepping next morningjewshow fb,JPN
thing making impossibility writing anything funny funny check last tweet links lgbt,RRN
rt bijancbayne jbouie tanehisicoates reilly giuliani say blacks never discuss social ills accountability know,SILK
ameliagreenhall think also failure laziness media events work really examine issues beyond,KOR
also right wadhwa pieces tech industry fixing diversity problem much meaningful reporting,JPN
ameliagreenhall wish also covered large publications media conferences going expert,RRN
rt dearsarah npr amp tldr caved wadhwa childish threats amp helping silence women asked years stop,BTM
night good people fb,ATB
rt benjaminnorton gathered vigil tonight chapel hill honor muslim americans killed chapelhillshooting h,ATB
weezus also spent high holiday sermon laying attacks gaza purely wrong unjewish,KOR
weezus seems really mean say condescend incredibly smart inclusive willing,BSK
rabbi awesome sentence never thought write,BTM
succinct oh corporate works enables rewards mental illness fb,JNR
rt neb wait facebook graph search frikken gone slurping info structuring giving back,BSK
sure misremember work journalists fact checkers paid pay attention say brianwilliams,JPN
alexismadrigal interested knowing subvert subvert etc,KOR
cameronesposito pesticide ridden might use,BTM
arsetechnica would stop funny seconds,ATB
anyone upset uma thurman face change write produce script middle aged woman fb,KOR
rt ihatejoelkim personally ready gay president yet mostly prepared get asked know every membe,JPN
rt cameronesposito believe wasted high school boobs men,HSR
want listen regular political comedy show hosted women subscribe morningjewshow host w kthalps,JNR
rt ruthannharnisch morningjewshow thedailyshow nu,HSR
morningjewshow jon stewart replacement next choice margaretcho would awesome fb,RRN
marikotamaki xo dirtbagg,RRN
rt morningjewshow bat mitzvahs willing discuss possibility thedailyshow cc ruthannharnisch,SILK
try determine speaks jews morningjewshow taping jon stewart announces dailyshow retirement coincidence,SILK
working next morningjewshow guys shandehs bumming much need recent mensch good jews,ATB
mattbors solo performer comic love way illustrated storytelling approach gives journalism power thanks,BSK
susanorlean one need bmi sesac license sec planning upcoming morningjewshow,ATB
ken goldberg response uma thurman new looks seems pretty uncanny valleyish think applies,RRN
rt thejeffdavidson morningjewshow heathr jew speak one person possibly speak jews happily l,RRN
susanorlean know needed make sure rights cleared music podcast,HSR
rt morningjewshow netanyahu decided going speak representative entire jewish people speak,JPN
best broadcast interviewer know kristatippet check beingtweets podcast,JPN
nje distance fentons love place swell deserves word,KOR
never imagined pizza would mean much fb,SILK
toddlers circle taking turn middle grooving family special song cooldaycare fb,JNR
night good people fb,SILK
rt zefrank individual comprehend network node something complex,HSR
rt ditzkoff thought could get something waffle house secaucus would melissa rivers accepts grammy,BTM
rt jenperos joan rivers awarded posthumous grammy best spoken word album diary mad diva watchwithus,RRN
tanehisicoates less prone projecting cause emotional pain onto someone less power try feel better,BTM
ellenpapadakis thanks ellen actually cool interesting see work next show wish still videos,JPN
oh brave thing want hear white man say wrong fb,HSR
sadydoyle primary question business everything value beyond marketing manipulation,JPN
rt sadydoyle primary question culture crit next years whether value journalism also mark,RRN
escapist good health sending good vibes tell us hat day send worked mine,SILK
owenthomas sure delighted next host cook new one,KOR
owenthomas selling fey,RRN
got gay divorced long island heart goes rosie,RRN
wonderful rare experience today kind stranger helped stayed called others need help,RRN
downstairs neighbour choose helping us fire game confirmed decision fb,HSR
rt jsmooth fyi facebook account shut today jay smooth name used publicly years,KOR
veen congrats trueventures,SILK
ianrhett listening youtube filling heart god love voice,JPN
ayadeleon congratulations,SILK
sign times medical office yesterday long generic questionnaire asked either female male genital surgery,BTM
