t_id,text
5,don t ok https t co utxrj zvdn
6,rt sanfranciscoba enoughsenough surprise woody allen s new film is about a young girl s romance with a much older man gt http t co
8,rt theatlanticpol watch baltimore native tanehisicoates speak on race in america johnshopkins this morning at livestream here h
10,rt sippey here s my one paragraph review of the new macbook https t co vucqgxqjeg
13,mmflint i dont ask for rts gen but my friend frakintosh is a columbine survivor who needs to finally get therapy http t co srbhq nweh
14,not only but acts messages from people that say you re still here you matter pls tell frakintosh u care http t co srbhq nweh ptsd
15,to live with untreated ptsd is to feel like you might die any moment again and again help costs money http t co srbhq nweh fb
16,frakintosh is also a columbine survivor miles away from the big news coverage he is still struggling http t co srbhq nweh fb
17,frakintosh is old skool web a good web citizen a maker a team player he needs a web of help now http t co srbhq nweh cc anildash
18,one reason my life has gotten better is the support of my dear friend frakintosh now he needs help pls join me http t co srbhq nweh fb
19,rt finallevel jon stewart got it right again watch the wake up call he gave his dailyshow viewers regarding the baltimoreriots http
22,sexy but crazy i play with makeup for the first time girlyoudontneedmakeup amyschumer https t co tf qk dmy
23,sexy but crazy i play with makeup for the first time from the early vlogging days girlyoudontneedmakeup http t co zoypkmh x
24,sexy but crazy i play with makeup for the first time from the early vlogging days girlyoudontneedmakeup http t co gevm musr
29,the seinfeld series is going to be on huluhttp t co ymq svli s fb
31,kevinroose this got funded during this first net boom too i took a gander at the ismell for the npr circuits show https t co gpmlfysl x
32,rt waxpancake police reform bills went up before maryland legislators last month police lobbyists helped kill all but three http t
35,rt nationalpost surgery no longer required for trans canadians to change gender on citizenship certificates http t co ps isijbsl http
37,rt voxdotcom in freddie gray s baltimore neighborhood half of the residents don t have jobs http t co bqpaghmgqv http t co vmnjdvr
39,rt anildash right now you can directly help a family in baltimore pay their water bill https t co r ahclw qy i don t ask this often
40,mt xeni all you need to know abt why there r there riots in baltimore is in these charts http t co xdobenytf http t co eeoxqlgj e fb
41,rt wkamaubell los angeles wanna a sneak peak at my new tv show united shades of america come to a free taping this thurs amp fri http
44,rt saraschaefer great convo how do we balance the responsibility to speak up with the responsibility to shut up http t co qobw utx
45,this guy managed to effortlessly upstage the ejector seat did a little creatively inspirational https t co lctovc tek
59,the last video game i was good at http t co tla mogccf
60,the last video game i was good at http t co qckmhlrfky
61,the last video game i was any good at http t co on ls j i
71,the web i love mt kenyatta so jah came to town so i fasted on coffee and we turned on a camera and this ensued http t co a ywbhhosa
74,one of my fave pages on the net nytimes short cooking basic videoshttp t co vckjkz dsd
76,rt johnmaloney always a fagen fan but his coachella diary seals it http t co tmfgq cue
81,great piece from page on taking spirituality out for biz mt chrisfahey mindfulness is the new sustainable http t co dvxnhudkrz
84,rt theeconomist american airlines quality rating virgin america hawaiian delta jetblue alaska http t co oqja zs v http t
85,rt larrybobsf sunday in berlin vaginal davis shows bugsy malone starring jodie foster at arsenaldetails http t co ukx gkbnct https
125,a moment kottke dooce is retiring from blogging for a living the canaries in the coal mine are piling up http t co xggnbr izk
147,rt ladybits the latest on the ladybits motherboard bodies of the future series explores the lack of female input in iud design http t
148,if you haven t already read this do it now mt shegotchutzpah i just want to hear amyschumer talk forever http t co b ciiyx hq fb
149,fantastic digidave waldo tunnel from sf to marin to be renamed the robin williams tunnel http t co zkds aojsp fb
150,my powers of invisibility https t co e i sdlh f
151,rt thinkprogress american muslims are more supportive of same sex marriage than white evangelical christians http t co e ztf g u http
154,joe nguyen closing out our show i had another really good set tonight clean set too and i had to https t co fajcl anh
160,i think women are still seen as second class citizens barbrastreisand http t co hjjcunawzu
161,v cool new use of podcasting excellent writer performer heather woodbury s serial solo show as the globe warms https t co chuccewszq fb
166,native american actors walk off set of adam sandler s latest movie http t co ocro fss fb via leannamclennan
169,i posted a new photo to facebook http t co puauratnt
170,rt marikotamaki second tmnt cover https t co dmsvny gl
171,learned abt this sketch from a woman attending fluentconf today hilarious amy schumer s porn from a female pov http t co bga q s x fb
172,if you haven t seen this yet why what are you doing schumer show sketch last f acble dayhttp t co vfoa ffzc
174,my jewish class just ended with a super cool bit of writing from a dude named buber i will read more also http t co pgdnnsyggq fb
175,rt ozsultan australian researchers have found a cure for hepatitis b the new drug could also help treat hiv herpes and dengue http t
178,rt firstsecond congratulations to all our eisner nominees marikotamaki dirtbagg geneluenyang sonnyliew fareldalrymple http
179,rt estherehrlich hey jandynelson and marikotamaki congrats on the nomination for northern california book award yay poetryflash ra
180,rt helenkubiw finally cla web book award winners announced congrats marie louise gay jonathanauxier marikotamaki dirtbagg http t
182,debs kevinmarks thejeffdavidson heathr kthalps just heard chris mathews onmsnbc say i m a tummler i m here to stir things up
184,rt ezwrites i talked to nanglish jessirklein and kimcaramele about amyschumer s show for cosmopolitan http t co ltmwgvqnul
185,me and petercolez at fluentconf today glasses power we rocked the community area with some https t co hrgktrns r
186,to go before frakintosh can have some safety clear runway for place to live ptsd relief http t co osawuahd n cc hotdogsladies
190,antic lovely to meet you the tummeling conversations are all archived at http t co sdwzfyorrc
194,rt jennylynbader pulitzer winner leaves journalism to better pay his bills http t co rxekfkdqjy pulitzerprize journalism via slate
195,http t co kehwwhsfp
198,thanks la for putting out we had a lovely time here latimesfob willrogerspark fb
199,there was not funding for everyone who survived columbine keeping basic stability and therapies aren t covered http t co thz gqsjtc
200,this means the life threatening experience you were in keeps happening in your nervous system http t co thz gqsjtc columbine
201,the past isn t past it isn t even over when you live w ptsd the past is still often happening now in your body http t co thz gqsjtc
202,til we reach the k goal i ll be posting abt jay living w ptsd encouraging you to make a huge difference in a life http t co thz gqsjtc
203,jay frakintosh has ptsd needs support anniversaries are tough for people w ptsd getting out of a spiral harder http t co thz gqsjtc
204,it s the anniversary of the columbine shootings but it s not over for my dear friend frakintosh who now has ptsdhttp t co thz gqsjtc
208,how do lesbians make the front page of the san francisco chronicle leave i m on the front page today at the lex http t co ylanszzzlr fb
209,i liked a youtube video http t co ixrsjkfvm women on a panel
210,from the best best best merrillmarkoe women on a panel https t co trvgkypxhx fb
213,book awards la style the hottest women in a room full of hot women nerds are the sexiest people https t co aeisigqg
215,regram from dyrtbagg at latimesfob heading to the awards https t co vl q onctg
216,authors fountain catalogues burstofbeaden dyrtbagg marikotamaki https t co qlm r gboo
217,i m performing at taix tomorrow night in la and in residence fluentconf next tues and wed details at http t co d ramv ah fb
218,caught this panel with sandra tsing loh in overflow she had a real influence on me in an era were https t co nu mzfjebf
219,people with a keen eye help me out has seinfeld had a nose job check this old tape out https t co rahqilrhtn
227,before comedians in cars getting coffee garryshandling took jerryseinfeld out to eat with a camera crew https t co rahqilrhtn fb
229,well done jenafriedman https t co qyrapj xwj watch this guys she interviews the guy in ny desperate for dates
230,http t co rvw d cg w
231,i have quite a few gigs coming up this next month la this sunday fluent conference in sf next week google the http t co u ithz khm
233,with the latimesfob nominated beauty marikotamaki alice munro totally travels like this to https t co frrydl xly
245,also he s in some fucking movie jon stewart genuinely thrilled to interview adam horovitz son of israel http t co dnmjucqaqx fb
246,how you get to be a great artist pay attention https t co daqr gcqps of course also be talented as hell fb
248,rt zeynep folks please share i m hiring another post doc to start asap if you applied to the previous position do reapply https t
249,rt marikotamaki alcatraz with heathr windinherhair magicdateday alcatraz island https t co inpcgklb l
250,alcatraz light wonderful magicdateday so moved by aiww s piece i wish he could walk through it https t co owys oj kj
251,rt marikotamaki happy i got to see this in time aiweiwei alcatraz large freedom magicdateday w heathr ai https t co jxrj
252,souris rt blazenhoff people on drugs review the art at coachella http t co bqljzgxpy thx cathleen
253,rt benwerd i pulled together a list of open source tools anyone can use to be their own broadcaster http t co v yqjs bvf nabshow
254,lindahirshman i always think about jane larson at these moments in case it interests my attempt to remember https t co hf sbzfiar
256,rt sarahm being shamed doesn t affect people s lives equally dearsplenda s dead on critique of jonronson s new book http t co xnz
257,rt marmel japanese americans protest auction of internment camp art https t co itjoshogetauction is friday http t co c tka vmn
258,lou reed s youth by his sister anyone who was the outsider in their family will read it with a filter https t co xk phtmssf fb
261,tx judge denies gay couple custody legal parentage of their own newborns http t co o modz v fb
262,rt ginatrapani i built a web site that explores american wages by gender amp occupation for equalpayday enjoy amp share http t co yly b
263,rt ginatrapani women in law and personal finance make and cents to their male coworkers dollars respectively equalpayday http t
264,rt zeynep sometimes things stay stuck historically they almost always have ev on the deepest problem facing the internet https t
265,next credit cards apple watch https t co xcgznyikng
267,this is beautiful https t co tiaygqjcj
268,rt debcha what it s like to be poor at an ivy league university http t co iybx dgl a
270,rt jeffkreisler gary trudeau on the abuse of satire http t co yzpfijk aq
277,rt mattdentler the founder of a million startup just sold his company and he didn t make a dime http t co newk rxnxx http t co
278,rt lettersofnote eudora welty born today in once applied for a job at the new yorker with this fantastic letter http t co usupx
284,art https t co egc x twtg
291,she s awkward in this stuff but i got ferklempt anywaymt wsj hillary clinton for president video http t co zduzeay x
295,rt tigerbeat weekday ridership now averages about more than five years ago ctuan on sfbart bart sfbart https t c
297,rt wesleylowery wapo deep dive into years of police shootings cops rarely charged and almost never convicted http t co ohtr rjw htt
308,rt jarvisdeberry an march in jena helped get theo shaw out of jail this fall he begins law school http t co ujo hnyhpn
312,rt heerjeet it looks like cruz has found his sugar daddy http t co vasutkfnhs via ddale
317,rt scottmaustin cool to see in this era a year old female founder of a year old company sells it for billion http t co aung
320,rt byninamartin cops have killed at least americans since voxdotcom shows where amp how http t co a rqraly x http t co pvq
326,pick your poison syrup for me you https t co pgp cpbwd
332,masterful talk show appearance by amyschumer who has it all ready to go and makes it feel conversational https t co wdzrqj fb
333,rt ozsultan linkedin is paying billion for the online education site http t co ybjgt aaaq http t co uieveumwjy
334,rt jmspool karen mcgrane and i are interviewing super smart design leaders come be a part of it http t co etumy mvpz
335,rt bonhamcentresds nova scotia amends law to allow people to change gender on id more easily http t co tlcgdmjv e
337,rt monteiro this is clorox s reaction to the new multicultural emojis https t co jbmnx txwb
339,rt barsoomcore to read the free first episode of my new dino pirates adventure the eyes of justice sign up here http t co lean m
340,rt davidprecht photo firstsecondbooks mariko tamaki and jillian tamaki s this one summer now has award stickers books http t co
341,rt brokenfrontier wrightawards nominees on bf this one summer by dirtbagg amp marikotamaki firstsecond http t co plujfwa htt
342,lynnbreedlove gives a great quistory you can use it but i get paid a little bit every time you do https t co erxpv uvxo
344,rt simongdunham i read this piece by carolyn lazard on sickness under capitalism days ago and i ve read it every day since http t c
345,very good nathanshedroff excellent article by rbreich on a new threat to equality http t co lr auciz u
347,kaporcapital leads the way at looking at the cultural social stuff early to design for a successful company http t co thocmbuzix
348,rt beccaz kudos must read job posting tech diversity sexism mt mkapor kaporcapital looking for portfolio services partner http t
350,rt benbrown live on periscope years as a programmer ask me anything while i bike to work https t co bt v mafp
351,i see every guy with a beard and a flannel shirt exactly like this https t co msx ezeu t
353,going to oakland as first lgbt night happy they ll pay tribute to glenn burke former a who invented the high http t co iifzcgmhkw fb
354,an iphone doesn t appear to have been made by a person but this volvo p was http t co f mhpl mwp fb vintagecars
355,rt johnrobinson if i were still a working journalist or a wannabe i d apply for this tow knight center program via jeffjarvis http
357,points to http t co gszlh n for not naming their personal asst app w a female name tip for other app makers get an imagination fb
358,rt sherman alexie i have cancelled two performances in indiana because hate laws are unacceptable and immoral http t co dubdieif w
362,filmmakinglabs believes films are too much about conflict i couldn t agree more it s lazy diminishing returns https t co zvqgka ma
364,just like my ancestors did in egypt check out the latest religious freedom episode of morning jew w https t co cuvxqlvz w
367,rt reportedly cadrought the most significant ecological emergency in the us since dust bowl http t co i fufz b g http t co gkz uy
368,rt ecologycenter thx berkeleyside ecology center gets m grant to get more fresh fruits amp vegetables to low income californians http
369,rt morningjewshow in honor of pesach and liberation and the recent indiana anti gay connected rfra law here s a classic episode for ht
381,dykeopolypse all dykes get sober at the same time lynnee breedlove thelex theend lgbt sanfrancisco fb
382,sophie b hawkins on the jukebox say goodbye to your lesbians and queers san francisco thelex https t co m cc ff
385,tbt making cookies with danny and autumn before my show at bowdoin which was great fun to bring me https t co gv wvfqge
400,rt cameronesposito thank you iliza this is how comics should treat one another http t co kn iqbamw
403,rt ashedryden i m especially looking for speakers and talks about the following http t co zrjyjgun n http t co rheh lygdo
405,yelp activism putting what the net is great at terrible reviews to a purposehttp t co rrqungr jx equality indiana memoriespizza fb
409,rt dearsarah things my male tech colleagues have actually said to me annotated http t co rf ewpthe
411,jillsoloway latest on the jewish comedy double standard http t co cwvpso ybe here s the morningjewshow ep on it http t co oh xcbezl
413,rt sandrabernhard honey gay people don t want pizza at their weddings we like a nice lobster claw or some caviar don t worry about h
414,new post comedy lena dunham and the anti semitism sexism hillel sandwich http t co o sdtjnuy
415,rt graceandfrankie first look janefonda amp lilytomlin navigate a strange new friendship in graceandfrankie http t co zbmfvwfb f
416,heathr you ve been quoted in my storify story lena dunham amp the sexism anti semitism hillel sandwich http t co nqgmaddgaw
418,rt newmediajim mcdonald s raising pay for employees in stores via nytimes http t co b jrqc syt
419,new post what s underneath achieving social equality and product returns http t co hbljnqfmar
420,morningjewshow cohost kathalps amp i found some stuff in comedy bits lenadunham critics need to call anti semitic http t co cwvpso ybe
421,hallelujah fb mt mikeyoungdmngov jerry brown orders cut in calif water use http t co syg tiaekw
434,rt micnews rabiasquared i don t think there s something people need to know about islam they need to know a muslim https t co
436,rt kthalps member when adl national abe foxman twitter called out larry david woody allen for anti semitism me neither http t c
437,rt ronmartinez rise of the screenshot pomeranian wired http t co icv s usa http t co de nak w
439,rt aparnapkin go see this laugh champ mremilyheller please consider this tour http t co lezkcylshq http t co bjhtd hbt
446,rt anylaurie he s even worse than i thought cosby to his audience last night we are here to enjoy my gift http t co boi glr us
448,rt kevindoylejones indiana s new anti gay law made this company cancel m job expansion http t co fisqprf ng boycottindiana
450,rt questlove we owe de la soul hip hop you hear me we owe de la soul http t co xgctshelep let this be the new precedent
454,rt allaboutgeorge third door media generates income in three diverse ways direct ads on our sites lead generation and conferences htt
456,rt kthalps listen to morningjewshow segment now on wbai http t co jgs c i dj heathr amp i talk lenadunham scandal amp adl national s
480,getting ready to perform at citywinery in napa the old napa valley opera house afternooncomedy https t co egjniewmo
481,rt pattyarquette report u s soldiers contractors sexually abused children in colombia http t co kzbhvzz jc via democracynow
483,rt cbcasithappens scott bonner wins lemony snicket prize for keeping fergusonlibrary open during unrest our november inv w scott http
484,rt allisonkilkenny do watch lastweektonight s segment on municipal fines aka shutdownthefuckbarrel aka debtors prisons https t co dk
487,rt cbr exclusive marikotamaki casts tmnt s casey amp april as lovers in a dangerous time http t co qv iunaboh http t co xctso eq
488,rt nytimes harper lee s new novel now has a cover design it was hard to pick just one iconic image to represent the book http t co p
489,rt nytimes rethinking what it means to be canadian http t co kr hywpwsx http t co gvazfy m s
490,st time i used subvert in something packing feminism https t co zojoaxcmr
491,back after years hockey https t co hgxta drf
492,rt morningjewshow we take on the anti defamation league and sundry others calling lenaduna s recent newyorker piece anti semitic http
496,now facebook ownership shows it s head on instagram the notification that never goes away no matter https t co y jsj xrqq
497,thejeffdavidson kthalps dceiver lenadunham morningjewshow it s a thrill to have a straight man leave me alone also i m pro halper
500,michaelawat oy like they ve never seen seinfeld check our latest ep morningjewshow on this open invite to you http t co oh xcbezl
501,the ellenpao loss like the prop and anitahill losses before it will probably galvanize even more people and lead to much bigger change
503,rt dhaliwalmk why the ellenpao verdict is not a loss for women smartest write up yet by ktbenner http t co bzedrslvex
529,rt emilynussbaum anyway fwiw here s the exceedingly jewy heathr discussing the dunham column on morning jew http t co kgdrdofpet
536,make fun of a jewish woman and she stands for all women make fun of a jewish man and he stands for all jews http t co oh xcbezl
538,heerjeet it s not even failed some people don t like it see my twitter essay and current morningjewshow http t co oh xcbezl
543,emilynussbaum tcarmody as i say in the ep love your thoughts http t co oh xcbezl i ve never even seen her shows and i m still
566,we go into it in the latest morningjewshow http t co oh xcbezl we even try to come up with what would be an anti semitic piece
574,do inside comedy about jewish women and you re one of the guys do it about a jewish man and he represents all jews http t co oh xcbezl
575,lenadunham you have a wide open invite from these uncircumcised jews to guest on morningjewshow our ep on you http t co oh xcbezl
576,jewish male comics make fun of jewish women for decades but turn it around once and it s anti semitism http t co oh xcbezl lenadunham
577,mt morningjewshow we take on the adl and others calling lenadunham s recent newyorker piece anti semitic http t co oh xcbezl
579,new zappos approach seems like it will require massive amounts of tummeling for that cc debs kevinmarks http t co gs chm hbq
581,rt shakestweetz on boycottindiana and why it s a terribly unhelpful idea http t co nz dudqnbt
584,a huntington beach attorney is trying to get a ballot initiative in california to legalize killing gay people like me http t co twungv kh
585,toronto this news makes up for anything bad that might have happened to you today http t co zkunoqsiu pancers deli
591,mpetricone prominent venture capital investors come out for patent reform now http t co droc zwnvs fixpatents hr patentsmatter
599,gender discrimination basic to performance pay from fivethirtyeight http t co umun bvzyh fb
600,my new fave page on the internet quick useful basic cooking techniques http t co ars ypat fb
605,rt thegreatermarin soft release railways of the bay area or where the hell did that rail trail come from https t co xlhuk xzzb h
623,rt frankrichny fran lebowitz talks to halekathleen about style but actually everything sprinkling laughter amp wisdom throughout http
624,i m appearing this sunday in this rt michaeldorf city winery napa to host napa seder beyond cups http t co jfoek dice fb
628,rachelsklar little white lie by lacey schwartz is on pbs tonight check local listings it s pm in nyc http t co nxd buby p
632,has the wind changed michellequinn the season of gender discrimination suits in silicon valley http t co eo te ywjm
633,rt michellequinn icymi possibility of punitive damages ok d by kleiner judge http t co ssy skzeut
635,rt kateaurthur oh brother rt nytimes starbucks ends tempestuous initiative on race http t co nksunp
637,rt ase paris will cut the number of cars on the road in half beginning monday and is making public transit free http t co ey jiclev
638,for a follow up they re working on a jesus made out of challah napa https t co e hoqxsdg
642,placement day for this old timer hockey https t co rkllk hpzd
646,viagra that bane of the third wife fran lebowitzhttps t co utqx led fb
649,i would remind citizens they used to be called citizens and not consumers fran lebowitz nails biggest us problem https t co mqdod qqkj
651,normmacdonald s last letterman just so funny https t co yhuln pmf
658,rt joeycomeau we have a new softer world t shirt if you don t read the flirting is over http t co hyku roa http t co ggezqyzr
659,classic mj ep this week popedate michele bachman talks w woody allen http t co mocsol fg kthalps
661,stevenlevy says marinaabromovic s ted talk won t play on video http t co x zdlyotik use of the live moment there rare
680,rt morningjewshow if you love morningjewshow let npr know which episode so more can find the show kthalps https t co fnrzqh esk
681,curious did anyone interview kleiner perkins macher al gore about the ellen pao suit and klenier s homogeneity http t co fgapvokmrh fb
683,no idea ca privatized some water system democrat water billionaires great longform piece via r solnit http t co luplugqlom fb drought
688,rt jonward my god this is somethinghttp t co x cpumdco http t co htv eeityl
689,tbt a great very old memory as i get ready to play again decades later beating later olympian https t co stc rru pp
690,margaretarwood on foreignness and empire the entire interview is fantastic http t co tudtzacuur fb http t co qzoyayojlj
692,rt bavishai netanyahu s compromised victory http t co qree mqb via newyorker
698,jsmooth as always one of the smoothest has anyone ever packed this much edification into a min panel spot http t co xxbmg ixxc
700,rt enterpriseux sold out ixdconf now coming to san antonio steveportigal s soft skills wkshp enterpriseux http t co mjof vw zv htt
701,rt worldofboning bay area we re hitting thenewparkway on with maryvannotes and jsele and pianofight on with natashamuse a
703,rt jessdobkin stop the press an artists newsstand is coming soon to toronto please support http t co lodxn l d chesternewsies ar
705,rt rgay i guess the news is out i am moving to the nytimes as a contributing opinion writer starting april http t co ftcgbqeaid
707,rt sophiaphotos dr zucker no longer allowed to accept patients camh to review gender clinic for trans youth http t co mye ck tat
708,rt michaelcrowley former likud ambassador to us predicts bibi will retract disavowal of palestinian state if he holds on http t co j
709,rt morningjewshow special treat one of our classic funniest episodes for this week we analyze a voicemail from a grandmother http
710,rt bonhamcentresds as of last month proof of surgery no longer a requirement to officially change gender in manitoba http t co iuhzv
712,rt onwevr today we launch a million virtual reality content fund for immersive storytellers http t co magcqabuj vr http t co dw
713,rt emenel we re looking for an ios developer to join our team at normativedesign https t co u ypyakcb
715,stunned it took fb so long to do this rt hondanhon square cash just died https t co tcmdew bu
717,rt jschool cu congrats to toronto star s kevindonovan for his team s hillmanprize in journalism for jiangomeshi series http t co x
718,rt thelancearthur california s extreme drought from kqednews https t co cegfwxp ks
719,rt morningjewshow back with an oldie and a super goodie hilarious voicemails frombubbe woody allen http t co jpzkkvdkys kthalps
723,yrs after we st streamed at apple mt digiphile wsj apple in talks to launch streaming video service http t co iswqxl d e
727,rt deray why i didn t call the police when i saw two black boys with guns next door must read http t co y sex gc q
728,commuter buses nextmt owenthomas this is an outrage to the net http t co smy cwsyjj has been replaced by a domain parking spam site
735,i am normalizing television shondarhimes http t co zsexabe cdexactly fb
736,so great ericajoy you are not alone you are seen i am with you thx for the tears in my tea shondarhimes http t co zsexabe cd
739,monteiro more fellow funnywomen worth knowing dawnwhitwell beckydonohue johnsonbecky kthalps sandra shamas jsele julia jackson
746,rt jamilsmith jill lepore on why income inequality persists and how it s metastasized into a problem only congress can solve http t c
754,rt ajenews some numbers are so huge they almost lose the power to shock million syrians are refugees http t co eicpn hi o http t
755,rt heerjeet orson welles had some shrewd things to say about woody allen https t co qbris wvuh via angryblacklady
756,rt badaude is there a marxist dating site morningjewshow in conversation with mckenziewark tangential to kathy acker https t co
757,rt badaude http t co xwv t ciw mckenziewark talks about his correspondence with kathy acker mitpress morningjewshow morninglis
759,rt sandyanne huffingtonpost boston s st patrick s day parade to include gay groups for first time http t co dzcyov ura i d love
760,rt rmchase americans gave of the superpac money spent through the cycle we want democracy back https t co owsi utwsh came
762,rt zeldman nostalgia for the old folks alistapart articles by thelancearthur http t co zdqqbzg y amp zeldman http t co lod w
763,mini sxsf today w documentally https t co dynebvwezn
764,an original pimimond at mama s royale https t co gsvincv t
771,rt jovankavuckovic screenwriter julie bush is sticking her neck out for all women in film please rt women in hollywood a shit show h
774,rt om california has about one year of water left will you ration now http t co ukylgfrduw
776,rt kithonline kids in the hall will be performing live in las vegas nv on june tickets on sale now http t co px ejcbura
777,rt ch ryl hmm fishy rt motherjones the nypd is editing the wikipedia pages of eric garner sean bell http t co u x eirmk
778,rt vice spike jonze and chris milk discuss the future of immersive film http t co rcfguf n http t co kjyphbqdyq
789,nje i recommend everyone go watch http t co vatz rcvxb to get a renewed sense of how much is possible and how child care is
813,rt nellsco great article by monicabpotts explaining why haters don t have to hate lean in http t co az kxk o
815,carrie rachel interviews kim gordon for an hour about her book http t co j zck zoz
817,hope https t co rj d sqep
818,rt kateaurthur how goingclear outs john travolta http t co v d lf v http t co umvjgg bqi
819,rt heathersomervil day of ellenpao testimony in the kleinerperkins sex discrimination lawsuit follow along with mercnews live blog
822,rt monkbent medium adds custom domains verrrrrrrry interesting https t co ir jjw yxp
823,rt ttbook icymi our longread interview w edmund white is an incredible first hand account of the last years of gay rights http t
825,v interesting design piece nishers disney bets a cool b on this magical band http t co cakaaniyia
827,rt bonhamcentresds yesterday saw toronto city council approve new shelter beds for lgbtq young people http t co oyjk uhobx
828,rt saranics circa alabama starts investigation into possible elder abuse over harper lee s new book http t co x q q gt woah
829,rt lauraklein cool opportunity for customer focused product managers who live in or want to live in sydney https t co cnaludnxei
830,rt jasonfried love how the hood of the old bmw was hinged in the front speaking of awesome check out the https t co o vihs gs
831,rt benwinslow urgent hb religious liberties bill passes the house fox now utpol lgbt
832,rt benwinslow urgent sb which allows clerks to opt out of performing same sex marriages passes house fox now utpol lgbt
833,rt benwinslow breaking news sb lgbt nondiscrimination bill passes huge applause in the gallery fox now utpol
834,rt paulkidd australians quitting smoking at record rate since plain packaging introduced http t co opawg pg
836,rt dearsarah great news for ers rt fmanjoo uber lyft rebuffed in bids to deem drivers independent contractors reuters http t c
837,sara little turnbull nee sara finkelstein is i days womenshistorythanks and notjustastat she is https t co ncs cnhcz
838,rt deray twitter just banned revenge porn and doxxing http t co sydkhqzrud http t co rk pi g vg
840,kmieszkowski mother killed in crossfire while trying to shield two of her children ages and in w oakland http t co ydhuavumla
841,enjoy waiting for that prince toddlers https t co us xlwtqvr
842,rt patrickrhone really good preso on indie podcasting by imyke https t co ps gjeponh
844,rt johnshinal at aapl shareholder meet rev jesse jackson urges ceo tim cook tech industry to lead on diversity jswartz http t c
847,rt michellequinn paotrial pao asked for at least million severance a meaningful number that would actually hit their radar http
849,rt hondanhon come join us codeforamerica as a user researcher and help american governments meet real user needs http t co j owin gw
852,rt independent the rich are richer than before the recession while the poor are poorerhttp t co leonqiggvn http t co zwwhig
853,if you want to understand how narcissism actually works read http t co xlxghm gw this latest coverage gets it backwards fb
856,today s womenshistorythanks notjustastat is barbara rosberg frum barbara was bigger to canadians https t co yzrpwfwgv
858,if you re thinking about showing your classroom miss representation i recommend you substitute http t co ico tjrusw
865,rt lizzwinstead such a hero to the vulnerable rip sam simon who guided the simpsons then shared his profits dies at http t co
868,and http t co fadv fvedl fraying never tell me not to complain in twitter that s what twitter is for
870,rt malarkey zeldman right up your street this susan kare s original mac icon designs go on show in new york http t co q ut by w
873,lynda barry fuck yeah womenshistorymonth https t co g cwea zp
874,link for the matt lauer quote i just tweeted http t co pinbyd g v
877,very very proud to be a fellow at university college at university of toronto where my mum went to school http t co enfq zfwj fb
880,anyone have a minidisc player lezhistory https t co uz xklbqc
885,today s notjustastat womenshistorythanks is to my great grandmother ganesha who is the lady in the https t co c htmlrogf
889,rt rosie amen http t co jduvbqutat
891,curt schilling gehreg speaks up re gender harassment of daughter in a way no older man in silicon valley has https t co ha hc zolx
892,rt newyorker the age of monologues http t co d le pizwl
894,rt eriktla in memory of venus xtravaganza with love shesamodernwoman parisisburning parisisburning washeranddryerset http t co
895,if you bank at bofa deyoungmuseum and other sf museums free this weekend http t co klbby nbxz
900,rt adamslisa friends adamslisa died peacefully at pm more on http t co enjr mextx rememberlisa and donate to http t co bv
901,today s womenshistorythanks notjustastat is for chris ernst world champion rower who also captained https t co f dhqzmecs
905,rt felixsalmon downloadable cindy sherman emoticons http t co qbdtyqfe http t co kqu doygp
909,electronic guys who co produced greatest stevie wonder albums great bbc radio doc attn francispreve alieisner http t co zay hdum o fb
910,rt morningjewshow on today s morningjewshow myqkaplan talks about religion open relationships amp linguistics https t co gauipsxe s
911,rt morningjewshow if ur more x than me ur crazy if ur less u don t count myqkaplan on judging fellow members of religion groups http
912,rt thedailybeast britain s pedophile cover up went right to the top of the thatcher government http t co vifsyntook http t co fosvauq
916,rt twitteropen twitter has joined the amicus brief filed w u s supreme court urging the ct to rule in favor of marriage equality https
917,i ll be doing a set tonight at http t co lhohzajawp jewtastic style for purim oakland at pm i m up early see you there fb
919,today s notjustastat womenshistorythanks is prof barbara miller solomon she was the first female https t co vvyljeyszg
921,rt cbcarts the kids in the hall to launch comeback tour in toronto http t co eyrzyomdyu
928,we live feudal times via taylormacnyc adamfeldman http t co kh gtldrp theatre art business fb
929,rt heathersomervil we re live blogging the kleinerperkins trial on the stand now investigator who called ellen pao s claims meritless
930,rt elizabethn do you know a woman or other underrepresented minority that has left tech or is considering it i d lt to know why https
932,rt sarahkendzior people think ferguson protesters are raking in money many are so poor they eat only one meal per day http t co vey
933,thanks mathowie for all your great work doctorow matt haughey retires from metafilter http t co sfnamzh http t co akyz xmiqn
937,rt gregtbasta travel advisory issued to lgbtq individuals traveling to georgia via getequal and riseupgeorgia http t co bs sqcgtl
938,rt latimesfob congrats marikotamaki amp jilliantamaki being la times book prize graphic novel finalists for onesum bookfest http t c
939,rt samswey the month after mike brown was killed the of black ppl killed by police dropped nationwide protests matter http t c
940,cool news fr davideagelman http t co ssajqgbyia says synesthisia detail environment influenced synesth show i did http t co vwtlwkf q
944,rt thestromboshow we lost john candy today in some reminders of why he is a legend http t co lzdkdriho unclebuck http t co qp
945,my beloved deceased mentor prof jane e larson a historian an incredible mind and a person who https t co kkphipxtk
947,tanehisicoates just watched http t co mg vbjw zf last night the idea of working on anything that s not for personal is radical today
950,prince football basketball and baseball stribjany from the strib archives chappelle was right http t co zjvljjiyoy
952,mt stribjany another prince related clip from the archives looking back at his hooping days at bryant junior high http t co vz cu msqb
953,pre sitcom seinfeld hosted by a mid s will ferrell characterhttp t co wjs qivok marikotamaki fb
954,rt tfadell quadriplegic woman flies f fighter jet with nothing but her thoughts http t co deaec q r
956,rt xeni sexism is over if you want it subway ad intervention by jilly ballistic http t co rgmvfxhqfh http t co yyvxj kroz
961,that s what makes the game fun is the rules if there s no rules there s no fun cc ibogost http t co tmlmvccilz fb
962,so congress tried to impeach clinton but petraeus reciprocated his affair w classified information and no bigs http t co klcssdhs q
966,yes it is rt sarahpaol this emilynussbaum bit about the late joan rivers is fantastic http t co iwvitgnjo
968,rt heathersomervil john doerr kpcb vc and ellen pao s former boss talks about her conflicts at the firm live blogging the testimony
969,rt matthewheimer in your s or s and looking for work wall street may have an internship for you marketwatch http t co utpayymlms
970,rt annaleen glasses that make you invisible to facial recognition http t co wlf ykcd a by aliszewski http t co z rf i
973,rt morningjewshow kathy acker mckenziewark had a thing in the s this book is their emails http t co mnlteegx is our convo w him h
975,rt comedyoakland celebrate purim with jewish comics on stage thu mar pm at comedy oakland tickets http t co v pvxtik f htt
978,i ll be at http t co mfoihmslmz this thursday come make the new san francisco comedy scene with me fb
979,only one more season of the dowager countess i must be by now http t co r xcomqo fb
980,rt pomeranian big ideas strike many people at the same time unaware of each other how multiples can change the way you think https
982,rt cgiller upbeat way to start the week american democracy is doomed http t co rkhmwsc xy
983,rt torontoist sandro lisi rob ford s former driver begins his extortion case today with a preliminary hearing at old city hall http
985,rt flipcritic an enlightening article on denmark s special jewish heritage and how it is now under threat http t co gih gvioos
986,rt marikotamaki birthday girl desert sweater on the docks
987,rt diversityinya part of the room by marikotamaki writer of printz honor book this one summer illus by dirtbagg http t co vjpaeo
994,only missing macrame scottthompson me and my lady friend ms whitwell warming up for the show at buddys in http t co zfcwhs hta
996,big trees marikotamaki in hendy park grove philo magicdateday birthdayweekend https t co dauoxxabi
997,the first pro sex presidential candidate victoria woodhull worth a google https t co unvyuo ix
1000,ibogost was just thinking of your work on play as i was reading this meagangarber piece http t co hgi egkm t
1011,rt mckenziewark talking with heathr and kthalps about i m very into you the wark kathy acker email correspondence of http t co
1012,rt morningjewshow listen to the only audio interview with ken wark about the new book of his correspondence with novelist kathy http
1015,rt wired today s witness in the ellen pao trial exposes kleiner perkins thorny gender politics http t co wwyk tyr x
1017,rt sarahw former white house press secretary jay carney is leaving cnn for amazon http t co btlgth xt via brianstelter
1020,thinking about doing one unpresenting workshop with one company in toronto may or june looking for the best http t co brovi mmug fb
1021,rt ase banksy snuck into gaza and flippedthescript to show you what the mainstream media won t http t co pf trokc http t co
1022,the walmart of rape rt emilynussbaum rt ew another woman accuses bill cosby of sexual assault http t co z ueja hi fb
1023,knew a man who saved a fortune that was splendid then he died the day he planned to go and spend it melbrooks http t co pit jw u
1024,rt morningjewshow mel brooks with his jewish national anthem hope for the best expect the worst http t co mjpxyv z http t co ylpf
1026,the newyorker on why we got netneutrality and why a suit is unlikely http t co hipn qb dg
1030,a proud moment helping students come out in an hour during my gettysburg college show http t co mofjpln wbooking schools now fb
1031,want to see a film by zora neale hurston djspooky s projecthttps t co kzifeiq
1032,great writing the uruguay joke is tops applauding timcarvell kevinavery team https t co ere hqxzt
1033,rt heathersomervil former kpcb partner is on the stand at ellen pao sex discrimination trial join the mercnews live blog http t co
1039,latest in ironic news lgbt ally politician gavinnewsom s company is buying the last dyke bar in sf about to close http t co w qxz pb
1040,and wondering why us media didn t cover break this rt emilynussbaum sickening http t co nktrgmiwtr
1049,rt stuartgaffney gay rights groups urge military to lift ban on transgender service members http t co slgqnhusrg
1051,rt groundwoodbooks congrats to cbcbookies award winners dirtbagg amp marikotamaki y a and clbaldacchino picture books http t c
1054,rt wesleylowery statement from trayvon martin s family about end of doj investigation into george zimmerman http t co xshwfeihzz http
1056,what s up with now kinds of yoga falling apart with the old guru sex abuse http t co kezzuv e
1057,rt scalzi about damn time in major shift reddit cracks down on stolen nudes and revenge porn http t co pavnjoqbk via verge
1058,re good bad diversity all joan didion hollywood s faith in a dramatic convention on http t co opsrxxoeiuthis is very good fb
1059,we find a way for vandalism of a jewish cemetery to be good for the jews on this week s morningjewshow podcast http t co d vxkxapnb
1060,fuck yeah rt newgeorges rt flavorwire jane curtin signs on for a single camera fox comedy pilot http t co ypuxap fpq fb
1062,rt digiphile what if the resourcefulness currently trapped behind bars could flood back into a nation that needs it baratunde http
1065,rt michellequinn looking forward to heathersomervil live tweeting the kleiner pao trial starting at a m http t co z ef xtcc http
1066,rt pacificstand silicon valley disguises its tax evasion as philanthropy here s a perfect example of why it must be exposed http t co
1068,interesting but i d say driven by capital newyorker johncassidy on the attention deficit disorder economy http t co xqoflz um
1071,rt jamilsmith watch jsmooth on the very white very liberal oscars and good people assuming that only bad people are unjust http
1074,excellent thx anil osx emoticons rt anildash heathr for most of them there are http t co kcxhqeoxtk
1076,wageequity rt anildash you can find data about the wage gap in your industry at http t co uhbdjciuwq thanks to ginatrapani
1077,let youth lead that peace ring by muslim norweigians around a shul was organized by yo harjah arshad http t co e nzkgcfcg
1104,if you want to actually hear pattyarquette s backstage comments you can watch them in full here http t co mivrnt sca era
1105,rt thestalwart this is kinda nuts much of the performance of the hedge fund industry just comes down to owning apple http t co qa xkj
1106,rt dirtbagg i did dandq s free comic book day cover read about the guts featuring beatonna here https t co cpjfijd n http t co
1109,rt nelson the ellen pao kleiner perkins sexual discrimination lawsuit starts today http t co srixljled
1112,rt kenyatta the catastrophic rise in inequality has coincided neatly with the digital revolution jjn http t co cjuh hpnyo http t co
1113,interesting is there a jewish english mt maryfduffy review by sarahbenor on sociolinguistics of judaism http t co krhg ko z
1114,rt tigerbeat rt dabeard why wadhwa is quitting the debate on women and technology http t co qj fjj wvu no it didn t start w tldr
1118,rt spacekatgal women are leaving technology in droves by traceylien http t co r h ponswr http t co lulc dcuji
1126,rt micahflee edward snowden congratulates laura poitras for winning best documentary for citizenfour https t co iasdr jvt http t co
1133,no harold ramis how inmemoriam oscars fb
1135,rt usdol fact women make of what their male counterparts make learn more http t co zubwdaijpr oscars http t co yyngf grk
1136,truth john legend oscars blacklivesmatter fb
1146,ryanghinds huge slap in the face she was always an outsider trooper of trooper joanrivers oscars memorial
1149,no joan rivers she should have been included in the memorial oscars rabbittest fb
1151,rt nytimesarts patricia arquette s role in boyhood is one she was born to play http t co kjtuo gdmy http t co rdjztrwezk
1157,rt lizzs lockeroom i think meryl streep approves yes oscars https t co umigrmreew
1161,rt sallykohn pattyarquette shows how to give an acceptance speech makes it count equalpaynow dowhatthewinnersays merylagrees
1170,the meryl feminist equality gif pass it on http t co bydzmruzve patriciaargquette oscars feminism equalpay
1182,maybe biggest public feminist moment in america since ferraro got the nomination patriciaargquette equalitynow feminism fb
1186,rt ylove it is about damn time for equal pay for women oscars oscars fem women
1197,rt brutalhouse claes oldenburg lipstick on caterpillar tracks yale university new haven connecticut http t co ouqmurj http
1198,bless you patricia arquette wageequalitynow era fb
1203,rt rodbegbie debcha much as i love me some tegan amp sara they didn t write it http t co sptjtmbz
1204,i m guessing marc shaiman openingnumber doyouknow oscars fb
1208,rt monstro here is how to do it talk to women in technology about technology http t co fdsdw zmgv
1209,rt mattstopera holy shit apparently over million people have read about orange man my phone updated http t co pzjbv d up http
1211,i haven t played ice hockey in well over years though it once was my religion it s how i got to go http t co zen paz iw
1212,rt ericries an actual new sherlock holmes story rediscovered a century later http t co enfqqf ph
1213,rt kimmaicutler san francisco is now a harvard business school case study on inequality http t co f bxrg kfd
1214,delighted to learn harper lee dropped out of law school http t co ymwksvmkop fb
1215,rt schemaly re nyt public shaming piece adriarichards amp more read this the falsest of false equivalences ty shakestweetz http t
1216,no brother west it was an act of whimsy somehow i d missed mayarudolph doing maya angelou s prank show https t co tl bk duvr fb
1222,jon stewart replies to wwe wrestler seth rollins claim he could take of the daily show https t co v jhfy zq fb
1223,our latest morning jew show looks at jews on snl where are they and names the bibi scandal bibibonergate http t co d vxkxsqf
1224,vaginal cutting is getting popular in the us though with women age of majority but just as patriarchal http t co z tlwhykg
1225,full medicalization of female genital mutilation in malaysia connected w islamicization http t co lxwgyecntbev hills rejuvenation
1226,rt thinkprogress eric garner s family hasn t gotten money raised in his name on crowdfunding sites http t co wet owqd z http t co emc
1242,rt mollyringwald one of my favorite writers reflects on breakfast club albomike http t co ugc udvjcd thebreakfastclub yearslater
1244,an word column demanding or rejecting reparations is easily repelled clyde ross isn t http t co j igmey tk tanehisicoates on carr
1248,great cheap laughs in sf tonight performing with kurt weitzmann and mike cappazzola https t co jlz cwv ho fb
1250,rt boingboing oliver sacks on a motorcycle in http t co xfsb yvfh http t co r zi l kkr
1251,xeni seems consistent with a tech co that hired ashton kutcher to speak he bragged about sex w his wife http t co li bal a v
1257,your average berkeley street http t co fbsmqdxsut
1258,rt nytimes nearly percent of wal mart s us workers to get pay raises http t co s r mfs m
1262,great bit of design jordygold yes please toronto might get a glow in the dark bike path http t co tv pmixba biketo
1265,rt tanehisicoates in which attackerman connects the dots between white supremacy torture and the war on terror holy hell http t co
1266,rt kvox the one to read today lpolgreen there is no time for anything inessential oliver sacks on learning he is dying http t co
1267,rt wesleylowery giuliani goes full dinesh d souza http t co vijcptx vs http t co m irbsniyq
1270,rt drjilliantweiss major eeoc development regarding sexual orientation discrimination must read for all lawyers http t co fbfahusvf
1271,rt raydevito this comic tries salsa dancing so you don t have to watch w billsantiago http t co l z emgke via mtvnews
1278,rt merrillmarkoe if you d like to read a piece entitled i attended the academy awards for sex toys why its right here http t co i
1281,rt richard kadrey want to be a part of funding alejodorowsky s new movie check out his kickstarter https t co bw hojs ye
1282,rt sundancelabs how i shot that cinematographer brandon trost on shooting sundance s diary of a teenage girl via indiewire http t
1284,rt andrewfri i have the coolest job in the world this week teamdnto heads north to pukatawagan http t co vpmrzhfmic dntonorth
1285,rt lizgannes two stories here s how kleiner perkins will argue the ellen pao case http t co gbag sjuu and what s at stake http t co
1288,rt arsenio attn djbentley rt antderosa trolling is now subject to a potential year prison sentence in the uk http t co piaw kjnme
1290,rt theatlantic kids in the hall the lorne michaels backed show that should have lasted years http t co jxvuqxeioc http t co x
1291,rt yyzbuddies your rhubarbfestival http t co j ixxc qvd schedule for week two running tonight til sunday theato canqueer
1295,rt kanter building a professional network that works for you weaverwednesday http t co kgbmu j x
1296,rt marikotamaki the blog post i wrote for diversityinya http t co ldtkhqttw comics diversity ya queer cc razielreid cecebellboo
1300,rt nprmonkeysee wow if you are ever tempted to assign the oscars any validity read this discussion with a voter first http t co pkse
1304,rt vinodsreeharsha bay area folks check out the cheap laugh comedy night at the second act tomorrowhttp t co yulxkcd nm performers i
1314,kevinlferguson we ll be posting it on friday at morningjewshow http t co vjpmlzkbi would love your thoughts on it
1316,rt dearsarah rt bbctrending hours of walking in paris as a jew http t co fl i j wv http t co lc k yq fb
1317,rt pickwickhotel win tix the cheap laugh comedy night haight win comedy night with heather gold patrick ford http
1318,rt morningjewshow happy birthday morning jewess heather gold look who wants to say hello http t co lzzi u d
1319,rt betherwisser i m one female engineer in chicago i was fired for alienating people after asking for a raise i d been promised htt
1320,wonderful birthday present from my love burningbush treeofknowledge surpriseinlife middleage http t co czop bxh
1323,rt autostraddle openly lesbian pop legend lesley gore is dead at http t co cgwsdssuxl http t co sfr r et i
1326,any woman should run a mile from a man who uses the verb incentivize but things could have been worse i guess http t co mufxsrouvb
1334,really good fb ohheygreat fantastic balanced essay on joan rivers by emilynussbaum http t co mufxsrouvb
1336,rt nytimes girls outscored boys in exam graded anonymouslyboys outscored girls when graded by teachers who knew their names http t co
1340,rt columbialaw prof kim crenshaw sandylocks talks to nprcodeswitch s karenbates about blackgirlsmatter report http t co w rqf skv
1346,you can lose what you fought for kansas does away with lgbt protections for gov t employees http t co pys ybgbmg fb
1347,if you could have a conversation with kathy acker s lover what would you want to know morningjew feminsm fb doingthistomorrow
1349,rt melindaweg a pleasure meeting cherioteri tonight before she and her date lancebass headed to snl tonight http t co jnwybcdcqo
1357,oh all those other guys blew up but he s fucking trim and you know why gay eddiemurphy snl fb
1359,bits pretty solid when it still works great years later billmurray nickocean snl http t co ipjwjp mp
1366,rt haaretzcom mourners outside copenhagen synagogue http t co d qsqnrwgj http t co nm mdx ck
1369,the creator of monopoly was actually a progressive woman who received no credit or royalties http t co pandmvggns via sarahmarmor fb
1370,i m ambivalent that s as jewish a response as you ll get to anything listen to the latest morningjewshow fbhttp t co lfjnpnwupo
1373,rt damian barr cracking new yorker piece on the german invention of gay rights http t co sje npzhsa
1374,rt voxdotcom kale brussels sprouts cauliflower and cabbage are all varieties of a single plant species http t co vo o bjim http t
1376,rt jeffjarvis advice for brian williams from mike daisey via dovseidman http t co phcxkffrbp
1378,rt haaretzcom breaking victim of copenhagen synagogue shooting was jewish man guarding bar mitzvah ceremony http t co pr ipcxrxo
1379,obrien interesting case for it mt kevindoylejones apple seeking big b c markets w vulnerable competitors https t co sumkpds e
1381,oy vey rt morningjewshow if there s one thing that could sway me http t co t ggebupxw
1386,rt nytimes the secret money buying up new york real estate http t co zrdtnlcc h http t co wznynfmgwq
1387,rt kevindoylejones apple is seeking big b c markets w vulnerable competitors spendthrift consumers thus luxury minivans https t co nyl
1388,rt sameifling today i interviewed tom arnold and howell raines among others about david carr please enjoy with bijanstephen http
1390,rt kthalps i m thrilled heathr on dr s good news i m ambivalent kthalps why morningjewshow http t co bi sfw wl http t
1396,rt reuters two more women have accused bill cosby of drugging them decades ago http t co mpkeqfxyvm http t co xhcdtcsjhi
1401,rt kithonline scott s podcast is back and it may keep coming back with your help http t co vax id l
1406,rt kthalps https t co ljk b aiwp on today s morningjewshow we learn abt heathr s pope hand syndrome amp why kanye west is good for the
1407,why kanye west is better for the jews than dominique strauss kahn listen to the latest ep of morningjewshow http t co lfjnpnwupo
1410,lenovo sends ashton kutcher to tech conference the new men s locker room where he brags onstage abt sex w his wife http t co oacilougrx
1411,oh far too young among many things david carr seemed to be the person at the times who actually got twitter http t co z dr jc xp
1412,juliasweeney jillsobule i m a huge fan of both of you my pal schlomo suggested crowdfunding my sxsw show same time http t co lndc srtt
1413,amyschumer and bill hader changing my ways and convincing me to go see a straight romance movie https t co ewcw u jn
1415,rt aaron glaser slow dance comedy night w nickrutherford frankconniff swish kingfirestorm amp more free comedy nyc http t c
1418,crazy funny homosexuals in ala report lgbt http t co zsl ol i s then watch read comments https t co vuloeqskh via jo miller fb
1420,rt kevinmarks http t co trgpyp bgy ameliagreenhall on the vanishing tldr episode that i cached here http t co yfgkavqp w
1421,rt dearsarah digiphile heathr wadhwa ameliagreenhall yes if tldr was journalism but those podcasts don t follow that format in ot
1422,digiphile maybe that s why the took the piece down i hope their new piece interviews his editors dearsarah wadhwa ameliagreenhall tldr
1423,thanks for the link dearsarah http t co ihpwtkcaq and sorry ameliagreenhall i didn t read b i tweeted saying similar things re media
1424,digiphile dearsarah npr tldr wadhwa http t co qbadpyukru
1428,ameliagreenhall i liked the on the media interview w you on wadhwa http t co qbadpyukru
1430,rt kevinmarks quiet wadha episode of tldr that has been supressed http t co yfgkavzeho
1431,rt timoreilly elonmusk thinks big rt johnbattelle this new tesla battery will power your home and maybe the electric grid too http
1437,rt marikotamaki today s spiritual fitness w heathr and thekitchensf doodle and contemplation for the day judaism http t co rjqbmhs
1438,rt morningjewshow mj guest shegotchutzpah is kickstarting her new series theskinny prod by transparent s jill soloway you can back it h
1451,nice back up singers rogermcguinn http t co om yltoc o
1457,pls read great storytelling rt mattbors new piece on struggle and sexism on the streets of sisi s egypt http t co wv ztd o d
1460,harvard now like my alma mater bans relationships between faculty and students and grad students and the http t co u kjydfn g
1461,harvard now like my alma mater bans relationships between faculty and students and grad students and the http t co mwpl ho gt
1466,rt pomeranian here s video of my inbound talk on pencils vs keyboards the cognitive styles of writing https t co tbh zh y htt
1467,not enuf characters mpetricone wadhwa why i m confident that the tech industry is fixing its diversity quagmire http t co d bkb ac
1468,rt niche number of female leads in film lower now than in http t co nlcxd sf f
1469,rt iancr rest in peace rex ray http t co w gwjdtxkz
1470,rt chrisgeidner there are only states where no same sex couples can marry today http t co esh fusag http t co gfyjmph fm
1472,at night it was quiet except for cats and mockingbirds joni mitchell an oral history of s music laurel canyonhttp t co rbycfq gzk
1473,this is what they prescribe for you when you don t have to have surgery fentons phew icecream http t co fltdkukemq
1477,rt marikotamaki movie recast remake dirty rotten scoundrels conceived by me amp heathr johnny depp rustyrockets and melissamccarthy
1483,came across my marriage faq from when i got legally married http t co b alr ecti everythingissubjecttochange lgbt monogamy
1484,https t co skywkbpxuq http t co q eo gxj o
1485,rt berzerkeley if he didn t kill her this is plausible serial a completely unsubstantiated theory explains everything kqed pop http
1486,rt susiebright miss vera on bruce jenner a response to the new york times http t co fvinxlwzcm
1488,rt kim mel brooks confirms he s writing spaceballs http t co vrzi e gmi ht todd spence breakcom actionnwsamanda ecohen
1491,rt cbcradio tune in teamdnto what happens when the bully amp the bullied reunite saturday pm http t co ajpezxz hv http t co zp
1492,rt newyorker the true history of jewish wizards at hogwarts http t co ubedq jgi via tnyshouts
1494,rt bilgeebiri you should read jadabird s amazing interview with lily tomlin if you consider yourself a good person http t co wqlaubuu
1495,rt thr berlin lionsgate nabs juliannemoore ellenpage drama freeheld exclusive http t co wxfnlxoo w http t co hfen yk yg
1500,my pal samhita has a really nice nuanced piece about comic actor mindy kaling and her approach non approach to http t co yh hhrqz i
1501,if broadcast news continued for another years albert brooks aaron altman would be raising his fist in victory http t co jtqkhusqjs
1502,rt morningjewshow on today s morningjewshow rabbi videotapes naked women taking ritual baths french job says no jews if possible htt
1505,tbt throwbackthursday when i performed for the new york city lgbt rally after prop was passed http t co tumvo rdoa
1506,new post marriage equality throwback thursday comedy at the prop march in ny http t co v axzqyv
1509,i liked a youtube video http t co pzfjm ozj joan as policewoman the magic cover
1510,i liked a youtube video http t co kxok ynby everyday superman live
1511,new post what it s like going to schools a kid with two lesbian mums http t co z obfcvlyr
1512,a queer family kid s better off with a supportive family than school if you have to pick http t co ptm xpr er
1513,a kid is better off with a supportive family and a school where being gay is though than being in school where http t co r ls s vi
1514,book organizing this may have just sold me on evernote http t co flut fhze marikotamaki fb
1517,rt jasonfried the distance podcast listen to stories of small businesses that have figured out how not to go out of business gt https
1518,rt momorgan jian ghomeshi case defence combing through discovery documentshttp t co rlchsa ikj http t co y gn w oav
